trial_id,title,status,phase,enrollment,enrollment_type,study_type,sponsor,sponsor_class,eligibility_words,start_date,completion_date
NCT00691301,"Pemetrexed and Cisplatin in Treating Patients With Advanced, Persistent, or Recurrent Cervical Cancer",COMPLETED,PHASE2,55.0,,INTERVENTIONAL,Gynecologic Oncology Group,,435,2008-09,
NCT01130701,"A Pilot Study to Evaluate the Efficacy and Safety of Neoadjuvant Chemoradiotherapy With Capecitabine, . . .",WITHDRAWN,PHASE2,0.0,,INTERVENTIONAL,"University of Massachusetts, Worcester",,518,2010-05,
NCT02965001,Phase II Trial: uPAR-PET/CT for Prognostication in Head- and Neck Cancer,COMPLETED,PHASE2,57.0,,INTERVENTIONAL,"Rigshospitalet, Denmark",,72,2016-11,
NCT05383001,"Randomized Phase II, Open-label Efficacy and Safety Study of Second-line Durvalumab Plus Tremelimumab Versus Platinum-based Chemotherapy Alone in Patients With NSCLC and First-line Checkpoint-inhibitor Therapy (Re-Check)",WITHDRAWN,PHASE2,0.0,,INTERVENTIONAL,AIO-Studien-gGmbH,,1343,2022-05-20,
NCT04983901,"PHASE II SINGLE-CENTER, RANDOMIZED, OPEN-LABEL, PROSPECTIVE, STUDY TO DETERMINE THE IMPACT OF SERIAL PROCALCITONIN",COMPLETED,PHASE2,100.0,,INTERVENTIONAL,M.D. Anderson Cancer Center,,499,2021-09-14,
NCT03358212,Safety and Efficacy of Post-operative Denosumab Strategy for Giant Cell Tumor of Bone Treatment in China,UNKNOWN,,100.0,,OBSERVATIONAL,Peking University People's Hospital,,76,2018-03-01,
NCT05555212,To Evaluate the Efficacy of QLH11811 in Advanced NSCLC Patients With EGFR Mutation,UNKNOWN,PHASE1,72.0,,INTERVENTIONAL,"Qilu Pharmaceutical Co., Ltd.",,1629,2022-10-25,
NCT06730581,Utidelone Capsule Monotherapy for Patients with Advanced Solid Tumors,NOT_YET_RECRUITING,PHASE2,100.0,,INTERVENTIONAL,"Beijing Biostar Pharmaceuticals Co., Ltd.",,1339,2024-12-01,
NCT01853319,Regorafenib in Subjects With Metastatic Colorectal Cancer (mCRC) Who Have Progressed After Standard Therapy,COMPLETED,PHASE3,100.0,,INTERVENTIONAL,Bayer,,207,2013-07-24,
NCT05053230,A Study Evaluating the Integrative Medicine at Home (IM@HOME) Program in People With Cancer,RECRUITING,NA,480.0,,INTERVENTIONAL,Memorial Sloan Kettering Cancer Center,,311,2021-09-20,
NCT05647330,Hydroxychloroquine Combined With Gemcitabine in the Treatment of Advanced Non-small Cell Lung Cancer,UNKNOWN,PHASE2,55.0,,INTERVENTIONAL,Henan Cancer Hospital,,552,2022-12-15,
NCT05241028,Adjuvant Therapy of Ensartinib in Stage IB-IIIA ALK-positive Non-small Cell Lung Cancer,RECRUITING,PHASE2,80.0,,INTERVENTIONAL,Hebei Medical University Fourth Hospital,,383,2022-05-01,
NCT02620228,Identification of Liver Tumours Using BIP - Biopsy System,COMPLETED,NA,26.0,,INTERVENTIONAL,Injeq Ltd,,69,2016-06-09,
NCT06962865,A Phase Ⅱ Study of RC108 in Combination With Furmonertinib for the First-line Treatment of EGFR-Mutated Combined MET-Positive Unresectable Locally Advanced or Recurrent Metastatic NSCLC,RECRUITING,PHASE2,80.0,,INTERVENTIONAL,"RemeGen Co., Ltd.",,472,2025-06-30,
NCT00166465,Stage IV Colorectal CA ALIMTA,COMPLETED,"PHASE1, PHASE2",200.0,,INTERVENTIONAL,Mayo Clinic,,828,2003-08,
NCT02913365,"Etiologies, Investigations and Outcomes of Patients Presenting With Hemoptysis",UNKNOWN,,1000.0,,OBSERVATIONAL,Université de Sherbrooke,,93,2012-10,
NCT04503967,Efficacy and Safety of Anlotinib Hydrochloride Combined With Nivolumab in the Treatment of Gastric and Esophageal Cancer,UNKNOWN,PHASE2,48.0,,INTERVENTIONAL,Shanghai Zhongshan Hospital,,1378,2020-08-01,
NCT02371967,A Study to Assess the Effectiveness and Safety of Vismodegib (Erivedge®) in Participants With Advanced Basal Cell Carcinoma (BCC),COMPLETED,,50.0,,OBSERVATIONAL,Hoffmann-La Roche,,118,2015-04-08,
NCT02716792,A Study to Evaluate Renal Safety of Intravenous Ibandronate (Bondronat) in Participants With Metastatic Bone Disease Due to Breast Cancer,COMPLETED,PHASE3,334.0,,INTERVENTIONAL,Hoffmann-La Roche,,191,2006-01,
NCT07115992,Efficacy and Safety of Radical Prostatectomy (RP) With or Without Salvage Radiotherapy Versus RP With Extended Pelvic Lymph Node Dissection for Localized Intermediate- and High-risk Prostate Cancer With a Briganti Nomogram≥7%,RECRUITING,NA,270.0,,INTERVENTIONAL,Ruijin Hospital,,178,2025-07-30,
NCT07368192,"Community-Based Exercise Oncology: Real-World Evidence of High Adherence, Improved Quality of Life and Cost-Effectiveness Across the Cancer Continuum",ACTIVE_NOT_RECRUITING,,492.0,,OBSERVATIONAL,University of Castilla-La Mancha,,100,2022-01-10,
NCT03635892,A Study of Nivolumab In Combination With Cabozantinib in Patients With Non-Clear Cell Renal Cell Carcinoma,ACTIVE_NOT_RECRUITING,PHASE2,60.0,,INTERVENTIONAL,Memorial Sloan Kettering Cancer Center,,1495,2018-08-13,
NCT02043236,Strategies to Improve Bone Health in Men on ADT,COMPLETED,NA,159.0,,INTERVENTIONAL,"University Health Network, Toronto",,41,2013-11,
NCT01466036,Cabozantinib in Advanced Pancreatic Neuroendocrine and Carcinoid Tumors,COMPLETED,PHASE2,61.0,,INTERVENTIONAL,Dana-Farber Cancer Institute,,815,2012-07,
NCT06543511,MyeloGen: Germline Testing for Predisposition to Myeloid Malignancies,WITHDRAWN,NA,0.0,,INTERVENTIONAL,Dana-Farber Cancer Institute,,76,2024-07-29,
NCT05741944,The Value of a Risk Prediction Tool (PERSARC) for Effective Treatment Decisions of Soft-tissue Sarcomas Patients,ACTIVE_NOT_RECRUITING,NA,120.0,,INTERVENTIONAL,Leiden University Medical Center,,116,2021-08-24,
NCT02109744,Study of Decitabine in Combination With Sequential Rapamycin or Ribavirin in High Risk AML Patients,COMPLETED,"PHASE1, PHASE2",27.0,,INTERVENTIONAL,University of Rochester,,255,2014-03,
NCT06535334,Intraperitoneal Chemotherapy in Recurrent Ovarian Cancer,NOT_YET_RECRUITING,,80.0,,OBSERVATIONAL,Far Eastern Memorial Hospital,,48,2024-08-15,
NCT03762564,Study With Paclitaxel +/- Ramucirumab in Patients With Squamous-cell Carcinoma of the Esophagus After Prior Therapy,COMPLETED,PHASE2,21.0,,INTERVENTIONAL,Institut für Klinische Krebsforschung IKF GmbH at Krankenhaus Nordwest,,1203,2019-03-08,
NCT04445064,Activity and Safety of Peptide-based Immunotherapy in Patients With Squamous Cell Carcinoma of the Head and Neck.,TERMINATED,PHASE2,17.0,,INTERVENTIONAL,Cliniques universitaires Saint-Luc- Université Catholique de Louvain,,586,2020-08-14,
NCT02334709,Phase I/II Trial of Stereotactic Body Radiotherapy With Concurrent Fixed Dose Tyrosine Kinase Inhibitors in Metastatic Renal Cell Carcinoma: Dose Limiting Toxicity and Abscopal Effect.,COMPLETED,"PHASE1, PHASE2",13.0,,INTERVENTIONAL,"University Hospital, Ghent",,83,2014-02,
NCT03592199,Biomarker Study of Pts With Metastatic ccRCC Undergoing Sequential Therapy With 1st Line Sunitinib and 2nd Line Axitinib,UNKNOWN,PHASE2,7.0,,INTERVENTIONAL,Instituto do Cancer do Estado de São Paulo,,365,2017-12-11,
NCT00234299,Effects of ASA on Prostate Tissue,COMPLETED,NA,60.0,,INTERVENTIONAL,University of Washington,,336,2005-12,
NCT07455032,Neoadjuvant CADI-05 in Combination With Pembrolizumab for Surgically Resectable Locally Advanced Head and Neck Squamous Cell Carcinomas,NOT_YET_RECRUITING,PHASE1,22.0,,INTERVENTIONAL,Fox Chase Cancer Center,,853,2026-03-02,
NCT02622932,"Study to Investigate the Absorption, Metabolism and Excretion of [14C] Anlotinib in Patients With Advanced Cancer Patients",COMPLETED,PHASE1,6.0,,INTERVENTIONAL,"Chia Tai Tianqing Pharmaceutical Group Co., Ltd.",,145,2015-12-02,
NCT02902432,A Trial of Endostar in Patients With Carcinoma of the Head and Neck,UNKNOWN,PHASE2,24.0,,INTERVENTIONAL,China International Medical Foundation,,255,2016-06,
NCT00027898,Bortezomib and Combination Chemotherapy in Treating Patients With Advanced Solid Tumors,COMPLETED,PHASE1,27.0,,INTERVENTIONAL,National Cancer Institute (NCI),,273,2002-01,
NCT06716593,Trajectory of Body Composition Identifies LAGC with Cachexia Following NACT,COMPLETED,,600.0,,OBSERVATIONAL,"Chang-Ming Huang, Prof.",,85,2024-09-12,
NCT03642093,HOPE - A Study to Evaluate the Effect of a Prehabilitation Program on GI Cancer Patients Planning to Undergo Surgery,UNKNOWN,PHASE4,60.0,,INTERVENTIONAL,Siobhan Trotter,,203,2018-08-01,
NCT01332721,Study of TRC105 Combined With Standard-Dose Bevacizumab for Advanced Solid Tumors for Which Bevacizumab is Indicated,COMPLETED,PHASE1,38.0,,INTERVENTIONAL,Tracon Pharmaceuticals Inc.,,447,2011-04,
NCT06494514,NALIRIFOX Combined With PD-1 Sequential Radiotherapy Versus AG Combined With PD-1 Sequential Radiotherapy as First-line Treatment of Locally Advanced Pancreatic Cancer,RECRUITING,NA,40.0,,INTERVENTIONAL,Du Juan,,82,2024-04-01,
NCT05688306,To Evaluate Thrombosis Risk in Chemotherapy Patients With Solid Tumors Who Receiving Thrombocytopenia Treatment,COMPLETED,,3494.0,,OBSERVATIONAL,Liaoning Cancer Hospital & Institute,,100,2020-09-02,
NCT01130506,"Decitabine, Vorinostat, and Cytarabine in Treating Patients With Relapsed or Refractory Acute Myeloid Leukemia or Myelodysplastic Syndrome",COMPLETED,PHASE1,17.0,,INTERVENTIONAL,National Cancer Institute (NCI),,713,2010-05-17,
NCT07307404,Web-based Platform for Nutrition Management in Patients With Cancer,RECRUITING,NA,84.0,,INTERVENTIONAL,Xingchen Peng,,81,2025-12-30,
NCT03918304,Korea Osimertinib Real World Evidence Study to Assess Safety and Efficacy - PLUS,COMPLETED,,923.0,,OBSERVATIONAL,AstraZeneca,,154,2019-06-11,
NCT05296304,A Study of Bexarotene Combined With Radiotherapy in People With Mycosis Fungoides,RECRUITING,PHASE1,20.0,,INTERVENTIONAL,Memorial Sloan Kettering Cancer Center,,311,2022-03-16,
NCT03976284,Garden-fresh Produce and Exercise Reduce Colon Cancer Risk,UNKNOWN,NA,21.0,,INTERVENTIONAL,"University of California, Los Angeles",,115,2019-03-17,
NCT07197684,Ultrasound Guided Pecs Block and Ketamine Infusion for Preventing Chronic Pain in Patients Undergoing Breast Cancer Surgery,NOT_YET_RECRUITING,NA,120.0,,INTERVENTIONAL,Aga Khan University,,132,2026-03-16,
NCT04161833,Opera® for Aromatase Inhibitor-related Arthralgia Management (AIA),COMPLETED,NA,53.0,,INTERVENTIONAL,Azienda Ospedaliero-Universitaria Careggi,,80,2018-11-01,
NCT04698252,Local Therapy for ER/PR-positive Oligometastatic Breast Cancer,RECRUITING,PHASE2,74.0,,INTERVENTIONAL,Instituto do Cancer do Estado de São Paulo,,267,2021-04-01,
NCT07456852,Vasodilator Therapy With Isosorbide Mononitrate or Diltiazem to Reduce Vasotoxicity in Patients With Gastrointestinal Cancer Receiving Fluoropyrimidine Therapy,NOT_YET_RECRUITING,"PHASE1, PHASE2",60.0,,INTERVENTIONAL,Mayo Clinic,,425,2026-03-31,
NCT02150447,The Use of Proton Pump Inhibitor on the Prevention of Gastric Cancer Bleeding,TERMINATED,PHASE3,394.0,,INTERVENTIONAL,"National Cancer Center, Korea",,339,2009-06,
NCT06050447,Factors Affecting the Results of Treatment of Patients With Colorectal Cancer,RECRUITING,,1200.0,,OBSERVATIONAL,Immanuel Kant Baltic Federal University,,74,2023-09-01,
NCT03668847,DM-CHOC-PEN for Brain Tumors in AYA Subjects,COMPLETED,PHASE2,20.0,,INTERVENTIONAL,"DEKK-TEC, Inc.",,539,2019-01-01,
NCT02354547,A Study of SGT-53 in Children With Refractory or Recurrent Solid Tumors,SUSPENDED,PHASE1,18.0,,INTERVENTIONAL,"SynerGene Therapeutics, Inc.",,551,2014-12,
NCT03933449,Study of Pembrolizumab (MK-3475) Versus Investigator's Choice of Chemotherapy for Participants With Advanced Esophageal/Esophagogastric Junction Carcinoma That Progressed After First-Line Therapy (MK-3475-181/KEYNOTE-181)-China Extension Study,COMPLETED,PHASE3,123.0,,INTERVENTIONAL,Merck Sharp & Dohme LLC,,561,2016-12-29,
NCT00632749,BI 811283 in Combination With Cytarabine in Previously Untreated AML Ineligible for Intensive Treatment,COMPLETED,PHASE2,68.0,,INTERVENTIONAL,Boehringer Ingelheim,,321,2008-05,
NCT03184558,Bemcentinib (BGB324) in Combination With Pembrolizumab in Patients With TNBC,TERMINATED,PHASE2,29.0,,INTERVENTIONAL,BerGenBio ASA,,1373,2017-07-26,
NCT07143058,Different Modalities Flaps of Head and Neck Reconstructions in Oral Cancer Patients,ACTIVE_NOT_RECRUITING,,30.0,,OBSERVATIONAL,Ahmed Mohamed Abdelhafiz,,41,2025-06-12,
NCT05609058,The Influence of Treatment Position (Prone vs. Supine) on Whole Breast Target,UNKNOWN,NA,300.0,,INTERVENTIONAL,"Cancer Institute and Hospital, Chinese Academy of Medical Sciences",,62,2019-01-01,
NCT00536055,Dyadic Coping in Breast and Prostate Cancer Patients and Their Spouses,UNKNOWN,,40.0,,OBSERVATIONAL,Tel-Aviv Sourasky Medical Center,,23,2007-10,
NCT00558155,The Impact of Immunostimulating Nutrition on the Outcome of Surgery,COMPLETED,PHASE4,214.0,,INTERVENTIONAL,Jagiellonian University,,65,2001-06,
NCT05202626,Detection and Biopsy Guidance of Nasopharyngeal Carcinoma Based on Artificial Intelligence and Endoscopic Images,UNKNOWN,,100.0,,OBSERVATIONAL,Chinese Academy of Sciences,,49,2021-12-01,
NCT00462826,VEGF Trap in Treating Patients With Recurrent or Persistent Endometrial Cancer,COMPLETED,PHASE2,49.0,,INTERVENTIONAL,National Cancer Institute (NCI),,814,2007-11,
NCT01277926,"Patterns of Care in Hormone-receptor Positive, Advanced Breast Cancer",TERMINATED,,7.0,,OBSERVATIONAL,AstraZeneca,,145,2011-04,
NCT00601926,Bevacizumab in Treating Patients With Unresectable or Metastatic Kidney Cancer,TERMINATED,PHASE2,5.0,,INTERVENTIONAL,Paul Monk,,383,2008-02,
NCT03563326,Intraperitoneal Infusion of EpCAM CAR-T Cell in Advanced Gastric Cancer With Peritoneal Metastasis (WCH-GC-CART),UNKNOWN,PHASE1,40.0,,INTERVENTIONAL,Jian-Kun Hu,,173,2018-08-30,
NCT01953926,Basket Study of Neratinib in Participants With Solid Tumors Harboring Somatic HER2 or EGFR Exon 18 Mutations,TERMINATED,PHASE2,582.0,,INTERVENTIONAL,"Puma Biotechnology, Inc.",,143,2013-09-30,
NCT02831257,AZD2014 In NF2 Patients With Progressive or Symptomatic Meningiomas,COMPLETED,PHASE2,18.0,,INTERVENTIONAL,Massachusetts General Hospital,,1606,2016-08-31,
NCT00873457,Perifosine in Relapsed or Refractory Chronic Lymphocytic Leukemia/Small Lymphocytic Lymphoma,COMPLETED,PHASE2,16.0,,INTERVENTIONAL,Daphne Friedman,,314,2009-08,
NCT01030757,Study of Stereotactic Body Radiation Therapy Using Tomotherapy for Metastatic Tumors to the Liver,TERMINATED,PHASE2,2.0,,INTERVENTIONAL,New Mexico Cancer Research Alliance,,212,2009-06,
NCT05322577,A Study Evaluating Bemarituzumab in Combination With Other Anti-cancer Therapies in Subjects With Previously Untreated Advanced Gastric or Gastroesophageal Junction Cancer.,ACTIVE_NOT_RECRUITING,"PHASE1, PHASE2",72.0,,INTERVENTIONAL,Amgen,,309,2022-05-17,
NCT00967577,177Lu-J591 Antibody in Patients With Nonprostate Metastatic Solid Tumors,COMPLETED,PHASE1,20.0,,INTERVENTIONAL,Weill Medical College of Cornell University,,493,2009-07,
NCT01902875,Preconditioning Chemotherapy Combination With Cytokine Induced Killer Cell (CIK) Immunotherapy,UNKNOWN,,100.0,,OBSERVATIONAL,"Jinling Hospital, China",,226,2013-06,
NCT01369875,Modified Tumor Infiltrating Lymphocytes for Metastatic Melanoma,TERMINATED,PHASE2,2.0,,INTERVENTIONAL,National Cancer Institute (NCI),,700,2011-06-17,
NCT05120375,Assessment of Safety and Preliminary Efficacy With BAT6021 in Solid Tumor Patients in China,TERMINATED,PHASE1,5.0,,INTERVENTIONAL,Bio-Thera Solutions,,529,2022-02-17,
NCT02755675,"uPAR-PET for Prognostication in Patients With Non-small Cell Lung Cancer, Malignant Pleural Mesothelioma and Large Cell Neuroendocrine Carcinoma of the Lung",UNKNOWN,PHASE2,120.0,,INTERVENTIONAL,"Rigshospitalet, Denmark",,100,2016-04,
NCT06833112,Interleukin-17 (IL-17) Inhibitor in Combination With Tumor Necrosis Factor α (TNFα )Inhibitor for the Treatment of Ankylosing Spondylitis,NOT_YET_RECRUITING,PHASE4,10.0,,INTERVENTIONAL,The Affiliated Hospital Of Guizhou Medical University,,282,2025-02,
NCT01963481,Exemestane and Cyclophosphamide for Metastatic Breast Cancer,COMPLETED,PHASE2,23.0,,INTERVENTIONAL,NYU Langone Health,,481,2013-09,
NCT06485219,A Phase IIa Clinical Study of Purinostat Mesylate for Injection in Patients With Peripheral T-Cell Lymphoma and Cutaneous T-Cell Lymphoma,ACTIVE_NOT_RECRUITING,PHASE2,50.0,,INTERVENTIONAL,"Chengdu Zenitar Biomedical Technology Co., Ltd",,1941,2024-04-14,
NCT01382030,Neoadjuvant and Adjuvant Chemotherapy in High-risk Soft Tissue Sarcoma,COMPLETED,PHASE2,50.0,,INTERVENTIONAL,Heidelberg University,,62,2005-06,
NCT01419730,Vitamin D and Physical Activity on Bone Health,ACTIVE_NOT_RECRUITING,PHASE2,191.0,,INTERVENTIONAL,University of Rochester,,415,2011-08,
NCT05270928,"Study to Evaluate the Safety, Tolerance, Pharmacokinetics and Preliminary Efficacy of IBI346#CIBI346Y001#",COMPLETED,PHASE1,6.0,,INTERVENTIONAL,The First Affiliated Hospital of Soochow University,,204,2022-04-27,
NCT03941028,Clinical Effects of Large Segmental Bone Defects With 3D Printed Titanium Implant,UNKNOWN,NA,20.0,,INTERVENTIONAL,Peking University Third Hospital,,42,2019-01-12,
NCT07031765,Peds CHAMP1ON - Hematopoietic Stem Cell And Monoclonal Antibody PD-1 Blockade for RecurreNt Pediatric High-Grade Glioma,ACTIVE_NOT_RECRUITING,PHASE1,12.0,,INTERVENTIONAL,University of Florida,,1097,2025-07-25,
NCT02470065,Neoadjuvant Afatinib in Early Stage Non Small Cell Lung Cancer.,SUSPENDED,PHASE2,38.0,,INTERVENTIONAL,European Organisation for Research and Treatment of Cancer - EORTC,,253,2016-01,
NCT06755567,Application of MRI Radiomics Features in Neoadjuvant Therapy of Head and Neck Squamous Cell Carcinoma,NOT_YET_RECRUITING,,750.0,,OBSERVATIONAL,Sun Yat-Sen Memorial Hospital of Sun Yat-Sen University,,89,2024-12-25,
NCT02633800,Patritumab With Cetuximab and a Platinum Agent for Squamous Cell Carcinoma (Cancer) of the Head and Neck (SCCHN ),TERMINATED,PHASE2,87.0,,INTERVENTIONAL,Daiichi Sankyo,,261,2015-12-22,
NCT00030992,BMS 247550 to Treat Kidney Cancer,COMPLETED,PHASE2,102.0,,INTERVENTIONAL,National Cancer Institute (NCI),,520,2002-02,
NCT04209036,Can 3D Laparoscopy Improve Surgical Performances in Surgeons in Training?,UNKNOWN,,22.0,,OBSERVATIONAL,Catholic University of the Sacred Heart,,73,2019-11-01,
NCT06127836,Study of Near-Infrared Imaging With Indocyanine Green for Detection of Sentinel Lymph Nodes in People With Vulvar Cancer,ACTIVE_NOT_RECRUITING,NA,22.0,,INTERVENTIONAL,Memorial Sloan Kettering Cancer Center,,82,2023-11-06,
NCT01794936,Pilot Study of VTI Doppler Probe Use to Identify Neurovascular Bundle During Prostate Surgery,TERMINATED,NA,9.0,,INTERVENTIONAL,Columbia University,,81,2011-08,
NCT04597411,Study of 225Ac-PSMA-617 in Men With PSMA-positive Prostate Cancer,RECRUITING,PHASE1,99.0,,INTERVENTIONAL,Endocyte,,872,2021-04-01,
NCT05127811,A Phase I Study of ZN-d5 in Chinese Subjects With Non-Hodgkin Lymphoma,TERMINATED,PHASE1,8.0,,INTERVENTIONAL,Zentera Therapeutics HK Limited,,350,2021-10-21,
NCT02915471,Virtual Peer-to-Peer (VP2P) Support Mentoring for Adolescents With Cancer,COMPLETED,NA,37.0,,INTERVENTIONAL,The Hospital for Sick Children,,157,2016-08,
NCT06986811,CEB-01 in Paediatrics With Locally Resectable Abdominal Tumours,RECRUITING,PHASE2,60.0,,INTERVENTIONAL,CEBIOTEX,,608,2025-05-06,
NCT06987071,"Efficacy Of Acupuncture in Pain and Anxiety During Transperineal Prostate Biopsy: A Prospective, Randomized, Sham-Controlled Trial",COMPLETED,NA,72.0,,INTERVENTIONAL,Medipol University,,59,2025-07-15,
NCT04391244,Investigating National Solutions for Personalised Iodine-131 Radiation Exposure,UNKNOWN,,150.0,,OBSERVATIONAL,Royal Marsden NHS Foundation Trust,,50,2020-06-17,
NCT04748744,Value of Butyrylcholinesterase as a Marker of Surgical Site Infection Following Surgery for Colorectal Diseases,COMPLETED,,400.0,,OBSERVATIONAL,University Hospital of Patras,,21,2019-11-06,
NCT01954134,P53 in Differentiated Thyroid Cancer,COMPLETED,,199.0,,OBSERVATIONAL,Cumhuriyet University,,55,2010-12,
NCT04070534,PALS for Pap Smear Follow up,SUSPENDED,NA,60.0,,INTERVENTIONAL,Weill Medical College of Cornell University,,41,2019-08-22,
NCT02414334,SABR-SCAN Trial for Pulmonary Oligometastases,COMPLETED,NA,40.0,,INTERVENTIONAL,University Medical Center Groningen,,388,2015-06,
NCT06722209,"Different Same-day Colonoscopic Bowel Preparation Procedures on Patient Compliance, Tolerability, and Bowel Cleansing",NOT_YET_RECRUITING,NA,128.0,,INTERVENTIONAL,Eastern Mediterranean University,,52,2025-03-01,
NCT03866109,A Study Evaluating Temferon in Patients With Glioblastoma & Unmethylated MGMT,ACTIVE_NOT_RECRUITING,"PHASE1, PHASE2",27.0,,INTERVENTIONAL,Genenta Science,,572,2019-03-05,
NCT02878109,DCE-MRI for Assessment of Response to TACE of HCC,COMPLETED,,40.0,,OBSERVATIONAL,Centre hospitalier de l'Université de Montréal (CHUM),,171,2016-06,
NCT02631499,Efficacy Study of TACE to Treat Hepatocellular Carcinoma After Operation,UNKNOWN,PHASE4,256.0,,INTERVENTIONAL,Fudan University,,172,2015-12,
NCT06015932,Group Cognitive Behavior Sessions (CBCSM) to Decrease Distress in Cancer Patients,RECRUITING,NA,400.0,,INTERVENTIONAL,Mayo Clinic,,98,2017-12-20,
NCT00481832,Autologous Followed by Non-myeloablative Allogeneic Transplantation for Non-Hodgkin's Lymphoma,TERMINATED,PHASE2,50.0,,INTERVENTIONAL,Stanford University,,470,2007-01,
NCT04128332,Pre-operative Stereotactic Ablative Body Radiotherapy Followed by Immediate Surgery for Pancreatic Cancer,UNKNOWN,NA,10.0,,INTERVENTIONAL,CCTU- Cancer Theme,,210,2020-10-26,
NCT04072198,Nivolumab Plus FOLFOXIRI/Bevacizumab in First Line Chemotherapy of Advanced Colorectal Cancer RASm/BRAFm Patients,COMPLETED,PHASE2,73.0,,INTERVENTIONAL,Gruppo Oncologico Italiano di Ricerca Clinica,,702,2019-09-26,
NCT03630198,Pain Outcomes Following Intralesional Corticosteroid Injections,COMPLETED,PHASE4,31.0,,INTERVENTIONAL,Vanderbilt University Medical Center,,29,2018-10-01,
NCT03024398,Evaluation of the Fluorescent Green of Indocyanine in the Detection of Sentinel Lymph Node in Endometrial Cancer,UNKNOWN,,50.0,,OBSERVATIONAL,"University Hospital, Strasbourg, France",,120,2017-01-01,
NCT06820463,"A Study to Evaluate the Adverse Events, and Efficacy of Intravenous (IV) of Telisotuzumab Adizutecan in Combination With IV Oxaliplatin, Fluorouracil, Folinic Acid/Leucovorin, Bevacizumab, Panitumumab in Adult Participants With Metastatic Colorectal Cancer",RECRUITING,PHASE2,390.0,,INTERVENTIONAL,AbbVie,,80,2025-04-24,
NCT04948463,Early Versus Late Stopping of Antibiotics in Children With Cancer and High-risk Febrile Neutropenia,COMPLETED,PHASE4,55.0,,INTERVENTIONAL,Murdoch Childrens Research Institute,,206,2021-11-15,
NCT00016887,Chemotherapy Followed by Radiation Therapy and Peripheral Stem Cell Transplant Compared With Chemotherapy Plus Interferon Alfa in Treating Patients With Stage III or Stage IV Mantle Cell Lymphoma,UNKNOWN,PHASE3,,,INTERVENTIONAL,German Low Grade Lymphoma Study Group,,166,2000-12,
NCT07351487,Neoadjuvant Chemotherapy Combined With Sintilimab and Bevacizumab for TNBC (NEOTORCH-BREAST07),RECRUITING,PHASE2,37.0,,INTERVENTIONAL,First Affiliated Hospital of Zhejiang University,,554,2025-09-25,
NCT03404193,Venetoclax and Decitabine in Treating Participants With Relapsed/Refractory Acute Myeloid Leukemia or Relapsed High-Risk Myelodysplastic Syndrome,TERMINATED,PHASE2,235.0,,INTERVENTIONAL,M.D. Anderson Cancer Center,,567,2018-01-18,
NCT00575393,Gold Sodium Thiomalate in Treating Patients With Advanced Non-Small Cell Lung Cancer,COMPLETED,PHASE1,17.0,,INTERVENTIONAL,Mayo Clinic,,255,2007-01-25,
NCT04850716,Relationship Between Standard Treatment Efficacy and The Tumor Microenvironment in Advanced Gastric Cancer,UNKNOWN,,89.0,,OBSERVATIONAL,"Nanfang Hospital, Southern Medical University",,92,2021-04-27,
NCT07279116,ABY-029 Head & Neck Trial,NOT_YET_RECRUITING,PHASE1,24.0,,INTERVENTIONAL,Dartmouth-Hitchcock Medical Center,,91,2026-02-28,
NCT00017316,Thalidomide and SU5416 in Treating Patients With Metastatic Melanoma,COMPLETED,PHASE2,35.0,,INTERVENTIONAL,National Cancer Institute (NCI),,332,2001-03,
NCT02722616,Ultrasound Monitoring of Abdominal Soft Tissue,TERMINATED,NA,2.0,,INTERVENTIONAL,Sidney Kimmel Comprehensive Cancer Center at Johns Hopkins,,53,2016-05,
NCT00112216,Immunotherapy of Melanoma Patients,COMPLETED,PHASE1,9.0,,INTERVENTIONAL,Centre Hospitalier Universitaire Vaudois,,129,1999-05,
NCT06100016,A Clinical Study Aims to Assess the Consistency of Clinical Efficacy in Colorectal Cancer Treatment and Drug Susceptibility Outcomes Using a Novel Drug Susceptibility Testing Method,UNKNOWN,,105.0,,OBSERVATIONAL,Funan Liu,,100,2023-10-18,
NCT02408016,Genetically Modified T Cells in Treating Patients With Stage III-IV Non-small Cell Lung Cancer or Mesothelioma,TERMINATED,"PHASE1, PHASE2",11.0,,INTERVENTIONAL,Fred Hutchinson Cancer Center,,887,2015-05-22,
NCT04550416,Effects of a New Diagnostic Test on the Care of Prostate Cancer Patients: The ProMark™ Clinical Utility Study,COMPLETED,NA,217.0,,INTERVENTIONAL,"Qure Healthcare, LLC",,106,2014-05,
NCT04443816,Advanced Geriatric Evaluation and Quality of Life in Colorectal Cancer Surgery,COMPLETED,,273.0,,OBSERVATIONAL,St. Antonius Hospital,,31,2018-01-01,
NCT02271516,to evaluate188Re-BMEDA-liposome in Patient With Primary Solid Tumor in Advanced or Metastatic Stage,TERMINATED,PHASE1,3.0,,INTERVENTIONAL,"National Atomic Research Institute, Taiwan",,86,2014-10,
NCT00217516,Selenium in Treating Patients Who Are Undergoing Brachytherapy for Stage I or Stage II Prostate Cancer,COMPLETED,PHASE1,18.0,,INTERVENTIONAL,Roswell Park Cancer Institute,,145,2005-03,
NCT04005716,Study of Platinum Plus Etoposide With or Without Tislelizumab in Participants With Untreated Extensive-Stage Small Cell Lung Cancer,COMPLETED,PHASE3,457.0,,INTERVENTIONAL,BeiGene,,235,2019-07-22,
NCT02090816,Combined Liver and Right Lung Resection for Colorectal Metastases by Means of J-shaped Thoracophrenolaparotomy,COMPLETED,,10.0,,OBSERVATIONAL,University of Milan,,186,2004-09,
NCT04901416,Safety and Efficacy of Allogeneic NK Cell Infusions in Patients With Relapsed/Refractory AML and High Risk MDS,COMPLETED,PHASE1,8.0,,INTERVENTIONAL,Coeptis Therapeutics,,744,2021-12-15,
NCT05253716,Immunonutritional Supplement After Total Gastrectomy in Patients With Stage III Gastric Cancer,RECRUITING,NA,696.0,,INTERVENTIONAL,"Jinling Hospital, China",,170,2022-08-01,
NCT02315716,Carfilzomib/Cyclophosphamide/Dexamethasone with Maintenance Carfilzomib in Multiple Myeloma,ACTIVE_NOT_RECRUITING,PHASE2,281.0,,INTERVENTIONAL,"University College, London",,762,2015-06-16,
NCT05112016,Long-term Cohort Study of Mesorectal Excision for Rectal Cancer,RECRUITING,,250.0,,OBSERVATIONAL,Kantonsspital Winterthur KSW,,56,2007-01-01,
NCT00402116,Phase 1/2 Study of Enzastaurin in Newly Diagnosed Glioblastoma Multiforme (GBM) and Gliosarcoma (GS) Patients,COMPLETED,"PHASE1, PHASE2",72.0,,INTERVENTIONAL,Eli Lilly and Company,,199,2006-09,
NCT00747916,"Safety, Efficacy, and Side Effects Study of Interventional Cryotherapy in the Pleural Space(""ICE PLS"")",TERMINATED,PHASE4,3.0,,INTERVENTIONAL,"CSA Medical, Inc.",,186,2008-08,
NCT03206216,Feasibility Study of New Method of Diagnostic and Prediction of Painful CIPN,TERMINATED,NA,1.0,,INTERVENTIONAL,Stanford University,,267,2017-08-04,
NCT01836406,Effect of Ketorolac and Remote Ischemic Preconditioning on Renal Ischemia-reperfusion Injury in Patients Undergoing Partial Nephrectomy,COMPLETED,NA,16.0,,INTERVENTIONAL,Yonsei University,,41,2012-12,
NCT00150657,Study of Carboplatin/Gemcitabine Plus Bevacizumab in Advanced Lung Cancer,UNKNOWN,PHASE2,45.0,,INTERVENTIONAL,St. John Providence Health System,,111,2004-11,
NCT05654077,EBV CAR-T Cells for Nasopharyngeal Carcinoma,UNKNOWN,EARLY_PHASE1,24.0,,INTERVENTIONAL,The Affiliated Hospital of Xuzhou Medical University,,490,2022-01-18,
NCT05683977,A French Real-life Study: EvaluatioN of durvALumab Utilization and Effectiveness for First Line Extensive Stage Small Cell Lung Cancer.,ACTIVE_NOT_RECRUITING,,254.0,,OBSERVATIONAL,AstraZeneca,,94,2022-11-14,
NCT01482377,A Study of RO5479599 Alone or in Combination With Cetuximab or Erlotinib in Participants With Metastatic and/or Locally Advanced Malignant Human Epidermal Growth Factor Receptor (HER3) Expressing Solid Tumors of Epithelial Cell Origin,COMPLETED,PHASE1,145.0,,INTERVENTIONAL,Hoffmann-La Roche,,292,2011-12,
NCT03015701,S9005 Mifepristone in Meningioma,COMPLETED,PHASE3,193.0,,INTERVENTIONAL,SWOG Cancer Research Network,,520,1992-08,
NCT00628901,A Prospective Study Comparing Contour SE™ Microspheres to Embosphere® Microspheres for Treating Symptomatic Uterine Fibroids With Uterine Fibroid Embolization (UFE),COMPLETED,PHASE4,60.0,,INTERVENTIONAL,Boston Scientific Corporation,,193,2006-01,
NCT06978075,Artificial Intelligence Combined With 3D-Preformed Chest Wall Defection Reconstruction System in Chest Wall Tumor Surgery,NOT_YET_RECRUITING,NA,50.0,,INTERVENTIONAL,Wu Weiming,,159,2025-07-01,
NCT03722875,SHR-1210 Plus Apatinib in Patients With Hepatocellular Carcinoma After Surgery,UNKNOWN,NA,45.0,,INTERVENTIONAL,Shanghai Zhongshan Hospital,,242,2018-12-01,
NCT02239575,Collection of Retrospective (Archival) Samples and Prospective Collection of Surplus Tissue and Blood Samples,WITHDRAWN,,0.0,,OBSERVATIONAL,Global BioClinical,,103,2014-03,
NCT03790475,Participation in Competing Strategies for Colorectal Cancer Screening - a Randomized Health Services Study Within the National Screening Program in Poland,UNKNOWN,NA,12298.0,,INTERVENTIONAL,Maria Sklodowska-Curie National Research Institute of Oncology,,86,2018-08-25,
NCT05505175,Outcomes Among Patients in Brazil Receiving Palbociclib Combinations for HR+/HER2- MBC,COMPLETED,,120.0,,OBSERVATIONAL,Pfizer,,73,2022-05-30,
NCT03204812,Durvalumab and Tremelimumab in Treating Chemotherapy Naive Patients With Metastatic Castration-Resistant Prostate Cancer,COMPLETED,PHASE2,31.0,,INTERVENTIONAL,M.D. Anderson Cancer Center,,1179,2017-07-14,
NCT00464919,Sorafenib Plus Tegafur/Uracil (UFUR®) for Hepatocellular Carcinoma (HCC),COMPLETED,PHASE2,50.0,,INTERVENTIONAL,National Taiwan University Hospital,,325,2007-04,
NCT06008730,Proton Beam Radiation Therapy After Treatment for Resected N2 Non-Small Cell Lung Cancer,RECRUITING,PHASE2,20.0,,INTERVENTIONAL,Emory University,,781,2024-12-13,
NCT04859530,Automated Cervical Cancer Screening Using a Smartphone-based Artificial Intelligence Classifier,RECRUITING,NA,5886.0,,INTERVENTIONAL,Prof. Patrick Petignat,,71,2018-08-01,
NCT06102330,Multicenter HomeVENT: Home Values and Experiences Navigation Track,RECRUITING,NA,600.0,,INTERVENTIONAL,Johns Hopkins University,,137,2024-02-06,
NCT06757530,Radiomics Model for Assessing Lymph Node Status in cN0 Patients withHNSCC,COMPLETED,,700.0,,OBSERVATIONAL,First Affiliated Hospital of Chongqing Medical University,,61,2024-11-27,
NCT06098430,Patient-Reported Outcomes and Quality of Life in Adult and Pediatric Patients With Nodular Lymphocyte-Predominant Hodgkin Lymphoma (NLPHL),RECRUITING,,100.0,,OBSERVATIONAL,St. Jude Children's Research Hospital,,140,2024-04-04,
NCT04387630,Neoadjuvant Chemotherapy With or Without Metformin in Early Breast Cancer.,UNKNOWN,"PHASE2, PHASE3",120.0,,INTERVENTIONAL,Mansoura University,,80,2020-06-05,
NCT01105130,L-Arginine Supplementation With or Without Enzyme Inhibitors Treating Erectile Function of Prostate Cancer Survivors,COMPLETED,PHASE2,140.0,,INTERVENTIONAL,Wake Forest University Health Sciences,,556,2010-10-01,
NCT03777930,The Evaluation of Curative Effect on Treatment of Tumor Above Thalidomide Combined With Megestrol,UNKNOWN,PHASE4,200.0,,INTERVENTIONAL,Shenzhen Fifth People's Hospital,,249,2018-12-10,
NCT07315828,Accuracy of Indocyanine Green (ICG) Fluorescence Imaging in Giant Cell Tumor of Bone Surgery,RECRUITING,PHASE4,40.0,,INTERVENTIONAL,Shanghai Jiao Tong University Affiliated Sixth People's Hospital,,61,2026-01-02,
NCT01064128,Study of Different Pain Scores in Single-Port Access (SPA) Laparoscopic Hysterectomy Versus Conventional Laparoscopic Hysterectomy,COMPLETED,PHASE3,40.0,,INTERVENTIONAL,Samsung Medical Center,,80,2010-01,
NCT07107607,Assessing Claims of Cannabis as an Anti-cancer Agent (CATA),RECRUITING,,50.0,,OBSERVATIONAL,HealthPartners Institute,,124,2021-03-19,
NCT07502300,A Study Comparing BL-B01D1 Combined With Tislelizumab Versus Platinum-containing Chemotherapy Combined With Tislelizumab as First-line Treatment in Patients With Extensive-stage Small Cell Lung Cance,NOT_YET_RECRUITING,PHASE3,562.0,,INTERVENTIONAL,"Sichuan Baili Pharmaceutical Co., Ltd.",,564,2026-04,
NCT00336700,A Phase II Study of Gemcitabine and Erlotinib As Adjuvant Therapy In Patients With Resected Pancreatic Cancer,TERMINATED,PHASE2,25.0,,INTERVENTIONAL,"Herbert J. Zeh, III MD, FACS",,382,2006-06,
NCT01935492,8 Continuous vs 8 Intermittent Cycles in First and Second Line in HER2/Neu Neg Metastatic Breast Cancer,COMPLETED,PHASE3,420.0,,INTERVENTIONAL,Borstkanker Onderzoek Groep,,441,2010-11,
NCT06130436,Application of Perioperative Remote Ischemic Conditioning in Patients Undergoing Hepatectomy,COMPLETED,NA,135.0,,INTERVENTIONAL,The Second Affiliated Hospital of Chongqing Medical University,,149,2023-11-02,
NCT02890511,"A Study DHP107, a Novel Oral Paclitaxel Formulation, in Patients With Advanced Solid Tumours or Gastric Cancer",COMPLETED,"PHASE1, PHASE2",28.0,,INTERVENTIONAL,"Daehwa Pharmaceutical Co., Ltd.",,353,2010-08,
NCT04544111,PDR001 Combination Therapy for Radioiodine-Refractory Thyroid Cancer,ACTIVE_NOT_RECRUITING,PHASE2,19.0,,INTERVENTIONAL,Memorial Sloan Kettering Cancer Center,,1662,2020-09-02,
NCT02269111,Quantitative MRI in Assessing Disease in Patients With Brain Tumors,TERMINATED,NA,10.0,,INTERVENTIONAL,Vanderbilt-Ingram Cancer Center,,224,2015-04,
NCT00416871,Interleukin-2 and Interferon in Treating Patients With Metastatic Kidney Cancer,COMPLETED,PHASE3,220.0,,INTERVENTIONAL,Centre Leon Berard,,279,,
NCT00344071,Pilot Study of Inflammatory Breast Cancer in Egypt and Tunisia,COMPLETED,,250.0,,OBSERVATIONAL,National Cancer Institute (NCI),,48,2004-09-08,
NCT00100971,Vaccine Therapy in Treating Patients With Acute Myeloid Leukemia,TERMINATED,PHASE1,9.0,,INTERVENTIONAL,Boston Medical Center,,133,2004-04,
NCT00131911,Sorafenib Tosylate in Treating Patients With Progressive Metastatic Neuroendocrine Tumors,COMPLETED,PHASE2,93.0,,INTERVENTIONAL,National Cancer Institute (NCI),,393,2005-06,
NCT03756311,Expanded Access to NanoPac,NO_LONGER_AVAILABLE,,,,EXPANDED_ACCESS,"NanOlogy, LLC",,6,,
NCT07403071,"Validating Fish Oil's Role in Alleviating Bortezomib-Induced Neuropathy: A Multi-Method Study Integrating Big Data, Experimental, and Clinical Research",NOT_YET_RECRUITING,,200.0,,OBSERVATIONAL,The Affiliated Nanjing Drum Tower Hospital of Nanjing University Medical School,,80,2026-05-01,
NCT07135544,"A Single-arm, Multicenter, Exploratory Study of Adebrelimab Combined With Apatinib and Systemic Chemotherapy for Initially Unresectable Biliary Tract Cancer",RECRUITING,PHASE2,37.0,,INTERVENTIONAL,Yongjun Chen,,576,2025-08-14,
NCT06758544,"A Single-arm, Open-label Clinical Study to Evaluate the Efficacy and Safety of VRT106 in Combination With Chemotherapy for Resectable Pancreatic Cancer",RECRUITING,"PHASE1, PHASE2",18.0,,INTERVENTIONAL,Guangdong Provincial People's Hospital,,124,2025-03-17,
NCT05564234,Role of Laparoscopy in Assessing Resectability of Ovarian Cancer,COMPLETED,NA,30.0,,INTERVENTIONAL,Zagazig University,,111,2019-12-09,
NCT05629234,Roll Over StudY for Patients Who Have Completed a Previous Oncology Study With Osimertinib (TAGRISSO) (ROSY-T),ACTIVE_NOT_RECRUITING,PHASE3,37.0,,INTERVENTIONAL,AstraZeneca,,387,2023-05-08,
NCT02860234,Tailored Operative or Non-operative Management for Low-risk Rectal Cancer After Intensive Neoadjuvant Treatment,COMPLETED,,68.0,,OBSERVATIONAL,Peking University Cancer Hospital & Institute,,304,2016-08,
NCT06758934,Comparison of Textbook Outcomes Between Laparoscopic and Open Total Gastrectomy for Gastric Cancer,COMPLETED,,94.0,,OBSERVATIONAL,Bakirkoy Dr. Sadi Konuk Research and Training Hospital,,31,2024-08-01,
NCT06666634,Validation of ICG-99mTc-nanoscan as Hybrid Tracer for Sentinel Node Biopsy,RECRUITING,NA,29.0,,INTERVENTIONAL,The Netherlands Cancer Institute,,148,2023-04-01,
NCT03982264,Endoscopic Treatment of Rectal Neuroendocrine Tumor(NET) Less Than 10mm,UNKNOWN,NA,90.0,,INTERVENTIONAL,"Nanfang Hospital, Southern Medical University",,63,2019-06-20,
NCT06145464,"Shadow for All, a Citizenship Science Study to Promote the Prevention of Skin Cancer",UNKNOWN,NA,60.0,,INTERVENTIONAL,Universidade do Porto,,234,2024-02-01,
NCT06771609,Phase II Clinical Trial of PD-L1 in Combination with Vinorelbine + Cyclophosphamide + Capecitabine (VEX) Metronomic Chemotherapy with or Without Radiotherapy for Advanced Triple-negative Breast Cancer.,RECRUITING,PHASE2,150.0,,INTERVENTIONAL,"Cancer Institute and Hospital, Chinese Academy of Medical Sciences",,261,2024-09-10,
NCT06858709,Effect of Adding Electroacupuncture to Anti-cancer Therapy-induced Peripheral Neuropathy,RECRUITING,NA,150.0,,INTERVENTIONAL,Zhongnan Hospital,,170,2025-03-20,
NCT04494009,PD-1 Inhibitor INCMGA00012 as Consolidation Therapy After Definitive Concurrent Chemoradiotherapy,ACTIVE_NOT_RECRUITING,PHASE2,110.0,,INTERVENTIONAL,Asan Medical Center,,1229,2020-09-07,
NCT06684509,Atorvaststin and Cardiotoxicity in Acute Myloid Leukemia,NOT_YET_RECRUITING,"PHASE1, PHASE2",46.0,,INTERVENTIONAL,Assiut University,,47,2024-11,
NCT06504199,"Obinutuzumab, Zanubrutinib, and Lenalidomide Followed Short-Cycle of Obinutuzumab and Cytarabine in Newly Diagnosed Mantle Cell Lymphoma",RECRUITING,PHASE2,39.0,,INTERVENTIONAL,"Institute of Hematology & Blood Diseases Hospital, China",,557,2024-07-18,
NCT00121199,"Combination Chemo, Rituximab, and Bevacizumab in Older Patients With Stage II-IV Diffuse Large B-Cell Lymphoma",COMPLETED,PHASE2,73.0,,INTERVENTIONAL,National Cancer Institute (NCI),,866,2005-06,
NCT04329299,Use of Blood Biomarkers to Predict Gastric Cancer Risk,COMPLETED,,6862.0,,OBSERVATIONAL,"National University Hospital, Singapore",,146,2012-12-03,
NCT00900432,Immune Response in Peripheral Blood of Patients With Colon Cancer,COMPLETED,,67.0,,OBSERVATIONAL,University of Arizona,,18,2004-07,
NCT07077798,Adjuvant Sintilimab Plus Lenvatinib for HCC Characterized With VETC Following Liver Resection,NOT_YET_RECRUITING,NA,234.0,,INTERVENTIONAL,Wan-Guang Zhang,,134,2025-08-01,
NCT04000698,Personalized Targeted Preparative Regimen Before T-depleted Allogeneic HSCT in Children With Chemoresistent Acute Leukemias,UNKNOWN,PHASE3,25.0,,INTERVENTIONAL,"Federal Research Institute of Pediatric Hematology, Oncology and Immunology",,303,2019-10-15,
NCT03717298,Evaluation of Ocoxin-Viusid® in Advanced Pancreatic Adenocarcinoma,COMPLETED,PHASE2,30.0,,INTERVENTIONAL,Catalysis SL,,293,2018-10-30,
NCT07077863,Transversus Abdominis Plane Block for Postoperative Pain Management in Gynaecological Cancer Surgery,COMPLETED,,100.0,,OBSERVATIONAL,Duygu Akyol,,39,2024-01-01,
NCT02780687,Afatinib Monotherapy in Patients With ERBB-deregulated Metastatic Urothelial Tract Carcinoma After Failure of Platinum Based Chemotherapy,COMPLETED,PHASE2,42.0,,INTERVENTIONAL,Boehringer Ingelheim,,155,2016-06-09,
NCT07282587,Study of ONC206 (JZP3507) in Advanced Pheochromocytoma and Paraganglioma,RECRUITING,PHASE2,90.0,,INTERVENTIONAL,Jazz Pharmaceuticals,,558,2026-01-02,
NCT06944314,Physicians' Perception About Patient Pain in Flexible Cystoscopy With Local Anesthesia,ENROLLING_BY_INVITATION,NA,120.0,,INTERVENTIONAL,Marmara University,,89,2025-03-01,
NCT02762214,Role of Uterine Manipulator in Hysterectomy - Ro.Man.HY,UNKNOWN,PHASE3,154.0,,INTERVENTIONAL,Catholic University of the Sacred Heart,,112,2015-10,
NCT01872416,A Clinical Study of Liposomal Doxorubicin Combined With Ifosfamide Second-line Treatment in Small Cell Lung Cancer,UNKNOWN,PHASE2,30.0,,INTERVENTIONAL,The First Affiliated Hospital of Guangzhou Medical University,,241,2012-10,
NCT05001516,Study of Turning Point Therapeutics LM-302 in Patients With Advance Solid Tumors,COMPLETED,PHASE1,17.0,,INTERVENTIONAL,"Turning Point Therapeutics, Inc.",,1453,2021-12-29,
NCT04530006,Acetyl-Amantadine as a Biomarker in Patients With Glioblastoma,UNKNOWN,NA,20.0,,INTERVENTIONAL,CancerCare Manitoba,,149,2020-12-02,
NCT04240106,"Niraparib Plus Aromatase Inhibitors for Luminal-like(HER2-,ER+) and gBRCA or HDR+ Metastatic Breast Cancer (LUZERN)",COMPLETED,PHASE2,14.0,,INTERVENTIONAL,MedSIR,,1646,2020-06-15,
NCT07162506,DCRT vs. Surgery in Resectable ESCC Patient Achiving cCR/PR After nCI,RECRUITING,PHASE2,120.0,,INTERVENTIONAL,Tianjin Medical University Cancer Institute and Hospital,,868,2025-08-01,
NCT05938504,Usefulness of Balanced High Protein Supplementation on Recovery and Clinical Outcomes After Chemotherapy,UNKNOWN,NA,154.0,,INTERVENTIONAL,Daesang Wellife,,320,2023-03-14,
NCT04139304,A Study of Daratumumab and Dose-Adjusted EPOCH in Plasmablastic Lymphoma,RECRUITING,EARLY_PHASE1,15.0,,INTERVENTIONAL,AIDS Malignancy Consortium,,1727,2021-05-24,
NCT01025804,Pharmacokinetics of Asparaginase and Antibody Formation in Interfant-06,COMPLETED,,15.0,,OBSERVATIONAL,Aarhus University Hospital,,41,2009-12,
NCT04758533,Clinical Trial to Assess the Safety and Efficacy of AloCELYVIR With Newly Diagnosed Diffuse Intrinsic Pontine Glioma (DIPG) in Combination With Radiotherapy or Medulloblastoma in Monotherapy,ACTIVE_NOT_RECRUITING,"PHASE1, PHASE2",13.0,,INTERVENTIONAL,"Hospital Infantil Universitario Niño Jesús, Madrid, Spain",,593,2021-04-19,
NCT02436733,Pleurectomy/ Decortication (P/D) Preceded or Followed by Chemotherapy in Patients With Early Stage MPM,UNKNOWN,PHASE2,64.0,,INTERVENTIONAL,European Organisation for Research and Treatment of Cancer - EORTC,,364,2016-09-20,
NCT00387933,"Imatinib Mesylate, Vatalanib, and Hydroxyurea in Treating Patients With Recurrent or Relapsed Malignant Glioma",COMPLETED,PHASE1,37.0,,INTERVENTIONAL,Duke University,,537,2005-07,
NCT03253133,Assessing Safety of NIPOX in Peritoneal Carcinomatosis of CRC,COMPLETED,PHASE1,19.0,,INTERVENTIONAL,Institut du Cancer de Montpellier - Val d'Aurelle,,391,2016-05-10,
NCT05235633,ADLs at the End of Acute Treatment for Childhood Leukemia and Non-Hodgkin Lymphoma,UNKNOWN,,20.0,,OBSERVATIONAL,Technical University of Munich,,73,2022-04-19,
NCT00001333,Phase I Study of Intrathecal Topotecan,COMPLETED,PHASE1,30.0,,INTERVENTIONAL,National Cancer Institute (NCI),,254,1993-02,
NCT03650452,"A Phase 2, Multicenter, Randomized, Double-blind, Placebo-controlled Study to Evaluate the Efficacy, Safety, and Tolerability of TAK-935 (OV935) as an Adjunctive Therapy in Pediatric Participants With Developmental and/or Epileptic Encephalopathies",COMPLETED,PHASE2,141.0,,INTERVENTIONAL,Takeda,,125,2018-08-08,
NCT04776447,Atezolizumab Plus Induction Chemotherapy Plus CT-radiotherapy. (APOLO),ACTIVE_NOT_RECRUITING,PHASE2,38.0,,INTERVENTIONAL,Fundación GECP,,1355,2021-06-16,
NCT02202447,Phase 1 of EC1169 In Patients With Recurrent MCRPC,COMPLETED,PHASE1,40.0,,INTERVENTIONAL,Endocyte,,1648,2014-05,
NCT00580281,Effect of Imatinib on Bone Metabolism in Patients With Chronic Myelogenous Leukemia or Gastrointestinal Stromal Tumors,COMPLETED,NA,33.0,,INTERVENTIONAL,Memorial Sloan Kettering Cancer Center,,229,2006-11,
NCT02627430,"Talazoparib and HSP90 Inhibitor AT13387 in Treating Patients With Metastatic Advanced Solid Tumor or Recurrent Ovarian, Fallopian Tube, Primary Peritoneal, or Triple Negative Breast Cancer",WITHDRAWN,PHASE1,0.0,,INTERVENTIONAL,National Cancer Institute (NCI),,741,2016-03,
NCT06169930,Development and Validation of a Survival Prediction Model for Esophageal Cancer Patients After Esophagectomy,COMPLETED,,2957.0,,OBSERVATIONAL,Yongtao Han,,52,2023-12-01,
NCT05900830,Therapy Program for Academic Skills in Children With Intellectual Disability,COMPLETED,NA,20.0,,INTERVENTIONAL,Beni-Suef University,,111,2022-11-15,
NCT00462865,Trial of Chemotherapy and Avastin as Treatment for Women With Breast Cancer at High Risk for Relapse,TERMINATED,PHASE2,18.0,,INTERVENTIONAL,Brown University,,629,2007-11,
NCT05330065,A Study of Intrapleural Administration of Bevacizumab and Camrelizumab for Malignant Pleural Effusion,UNKNOWN,"PHASE1, PHASE2",55.0,,INTERVENTIONAL,The First Affiliated Hospital of Zhengzhou University,,426,2022-08-01,
NCT00303667,Donor Natural Killer Cells and Aldesleukin in Treating Patients w/High Risk AML Undergoing Donor Stem Cell Transplant,COMPLETED,"PHASE1, PHASE2",50.0,,INTERVENTIONAL,"Masonic Cancer Center, University of Minnesota",,712,2005-01,
NCT04287400,Prospective Trial for the Evaluation of Radiogenomics in Advanced Rectal Cancer,UNKNOWN,,210.0,,OBSERVATIONAL,"National Cancer Center, Korea",,58,2019-03-05,
NCT01587300,Neuroblastoma Biology Study,RECRUITING,,1000.0,,OBSERVATIONAL,New Approaches to Neuroblastoma Therapy Consortium,,123,2011-07,
NCT04220892,Pilot Study of Pembrolizumab Combined With Pemetrexed or Abemaciclib for High Grade Glioma,WITHDRAWN,EARLY_PHASE1,0.0,,INTERVENTIONAL,Jose Carrillo,,694,2020-07-08,
NCT06849492,HIM Typing Guides the Treatment of Advanced First-Line Triple-Negative Breast Cancer,NOT_YET_RECRUITING,PHASE2,120.0,,INTERVENTIONAL,Fudan University,,755,2025-04-01,
NCT01043536,Dose Escalation Radiotherapy With Modulation of Intensity and Integrated Boost (SIB-IMRT) in the Treatment of Glioblastomas in Adults,COMPLETED,PHASE1,10.0,,INTERVENTIONAL,Centre Georges Francois Leclerc,,202,2009-09,
NCT06017271,Predictive Value of Epicardial Adipose Tissue for Pulmonary Embolism and Death in Patients With Lung Cancer,WITHDRAWN,,0.0,,OBSERVATIONAL,First Affiliated Hospital Xi'an Jiaotong University,,44,2024-05-01,
NCT01957644,Phase I Dose Escalation Trial of Volasertib in Combination With Azacitidine in Patients With MDS or CMML,TERMINATED,PHASE1,16.0,,INTERVENTIONAL,Boehringer Ingelheim,,377,2013-11-06,
NCT00566644,Intrauterine Levonorgestrel and Observation or Observation Alone in Preventing Atypical Endometrial Hyperplasia and Endometrial Cancer in Women With Hereditary Non-Polyposis Colorectal Cancer or Lynch Syndrome,TERMINATED,PHASE3,600.0,,INTERVENTIONAL,"St George's, University of London",,362,2007-07,
NCT00006444,The Effects of Combination Anti-HIV Medication on Human Papillomavirus (HPV) in HIV-Infected Women,COMPLETED,,160.0,,OBSERVATIONAL,National Institute of Allergy and Infectious Diseases (NIAID),,235,2000-11,
NCT02608034,A Study to Investigate the Effect of Itraconazole and Rifampin on Pharmacokinetics (PK) of Vemurafenib at Steady State,COMPLETED,PHASE1,32.0,,INTERVENTIONAL,"Genentech, Inc.",,300,2016-05-26,
NCT00093834,Vaccine Therapy With or Without Cyclophosphamide and Doxorubicin in Women With Stage IV Breast Cancer,COMPLETED,PHASE1,60.0,,INTERVENTIONAL,Sidney Kimmel Comprehensive Cancer Center at Johns Hopkins,,420,2004-01,
NCT02579564,Systemic Chemotherapy Combined With Recombinant Human Adenovirus Type 5 and Endostatin Injections for Treatment Malignant Hydrothorax in NSCLC Patients,UNKNOWN,PHASE3,134.0,,INTERVENTIONAL,Xinqiao Hospital of Chongqing,,207,2016-10,
NCT00875264,Open-Label Study to Determine the Maximum Tolerated Oral Dose of the Kinase Inhibitor CEP-11981 in Patients With Advanced Cancer,COMPLETED,PHASE1,43.0,,INTERVENTIONAL,Cephalon,,554,2007-09,
NCT00521664,A Trial Comparing a Prophylactic With a Therapeutic Platelet Transfusion Strategy in Two Groups,COMPLETED,PHASE3,400.0,,INTERVENTIONAL,Technische Universität Dresden,,176,2004-09,
NCT07493109,Chidamide for Maintenance Treatment of HBV-infected Diffuse DLBCL in Patients Initially Treated With R-CHOP,RECRUITING,PHASE3,200.0,,INTERVENTIONAL,"Ou Bai, MD/PHD",,530,2026-05-30,
NCT00003099,Chemoprevention Therapy Plus Surgery in Treating Women With Breast Cancer,COMPLETED,PHASE2,52.0,,INTERVENTIONAL,M.D. Anderson Cancer Center,,243,1996-05,
NCT02728999,Does Less Trendelenburg Make a Difference in Robotic Assisted Gynecological Procedures?,TERMINATED,NA,22.0,,INTERVENTIONAL,Wake Forest University Health Sciences,,90,2013-06,
NCT04985032,Accelerated Partial Breast Irradiation (APBI) Using Stereotactic Body Radiation Therapy (SBRT),RECRUITING,,200.0,,OBSERVATIONAL,"RPCR, Inc.",,160,2022-08-15,
NCT04172532,"Testing the Addition of a New Anti-cancer Drug, M3814 (Peposertib), to the Usual Radiotherapy in Patients With Locally Advanced Pancreatic Cancer",RECRUITING,"PHASE1, PHASE2",92.0,,INTERVENTIONAL,National Cancer Institute (NCI),,1169,2021-01-11,
NCT06723132,A Retrospective Study of Prognostic Factors and Survival of Breast Cancer Patients with Brain Metastesis,NOT_YET_RECRUITING,,60.0,,OBSERVATIONAL,Assiut University,,73,2025-01-01,
NCT03887598,Application of Ultrasound Artificial Intelligence and Elastography in Differential Diagnosis of Breast Nodules,UNKNOWN,,2000.0,,OBSERVATIONAL,Xin-Wu Cui,,61,2019-01-18,
NCT07462663,SHAPE-ENDO: Multimodal Pre-Surgical Optimization in Patients With Obesity and Early-Stage Endometrial Cancer,NOT_YET_RECRUITING,,82.0,,OBSERVATIONAL,Hospital Universitari de Bellvitge,,147,2026-05,
NCT01560663,Predictors of Response to Neoadjuvant Docetaxel-Carboplatin Chemotherapy for Patients With Stage II and III Triple Negative Breast Cancer,UNKNOWN,,415.0,,OBSERVATIONAL,Miguel Martín Jiménez,,170,2012-01,
NCT00351598,Lung Tumour Volume Database,COMPLETED,,531.0,,OBSERVATIONAL,Trans Tasman Radiation Oncology Group,,168,1999-09,
NCT05080998,Longitudinal Bladder Cancer Study for Tumour Recurrence,RECRUITING,,450.0,,OBSERVATIONAL,Pacific Edge Limited,,229,2022-06-08,
NCT01386398,"Vorinostat With or Without Bortezomib in Treating Patients With Refractory or Recurrent Stage IIB, Stage III, or Stage IV Cutaneous T-Cell Lymphoma",WITHDRAWN,PHASE3,0.0,,INTERVENTIONAL,European Organisation for Research and Treatment of Cancer - EORTC,,426,,
NCT07380698,The Effect of Dose and Storage Conditions of Indocyanine Green on Efficacy and Cost in Sentinel Lymph Node Mapping in Gynecological Cancer,RECRUITING,,30.0,,OBSERVATIONAL,Cukurova University,,19,2025-10-03,
NCT07466498,"Estrogen to Improve Quality of Life for Men With Newly Diagnosed or Recurrent Metastatic Hormone Sensitive Prostate Cancer, EQUIP Trial",NOT_YET_RECRUITING,PHASE2,60.0,,INTERVENTIONAL,University of Washington,,816,2026-08-01,
NCT01849263,Ibrutinib in Treating Patients With Relapsed or Refractory Follicular Lymphoma,ACTIVE_NOT_RECRUITING,PHASE2,41.0,,INTERVENTIONAL,National Cancer Institute (NCI),,870,2013-04-02,
NCT06609863,dTACE-HAIC Combined With Bevacizumab and Atezolizumab for Huge Hepatocellular Carcinoma,RECRUITING,NA,27.0,,INTERVENTIONAL,Sun Yat-sen University,,231,2024-10-01,
NCT02033993,Nab-Paclitaxel to Paclitaxel in Advanced Urothelial Cancer Progressing on or After Platinum Containing Regimen.,COMPLETED,PHASE2,199.0,,INTERVENTIONAL,Canadian Cancer Trials Group,,1107,2014-03-11,
NCT01571921,Gamma-delta Tocotrienol as Potential Maintenance Treatment in Women With Metastatic Breast Cancer,COMPLETED,PHASE1,12.0,,INTERVENTIONAL,Malaysia Palm Oil Board,,163,2013-01,
NCT02491593,Quantitative Immunochemical Fecal Occult Blood Test in Symptomatic Patients,COMPLETED,,242.0,,OBSERVATIONAL,Uppsala University,,27,2014-04,
NCT03318393,Study Comparing Bivalirudin Versus Heparin in Neonatal and Pediatric ECMO,COMPLETED,PHASE4,30.0,,INTERVENTIONAL,University of Texas Southwestern Medical Center,,96,2018-03-25,
NCT01727193,The Efficacy and Safety of Leflunomide or Azathioprine Therapy in Myasthenia Gravis Patients After Expand Thymectomy,COMPLETED,PHASE3,290.0,,INTERVENTIONAL,"First Affiliated Hospital, Sun Yat-Sen University",,208,2012-09,
NCT02263014,Psychosocial Outcomes and Contralateral Prophylactic Mastectomy (CPM),ACTIVE_NOT_RECRUITING,,345.0,,OBSERVATIONAL,M.D. Anderson Cancer Center,,115,2014-02-24,
NCT03394716,Monitoring MRI Changes Before and During Radiotherapy Treatment of Brain Tumors,TERMINATED,,45.0,,OBSERVATIONAL,The Netherlands Cancer Institute,,157,2018-01-12,
NCT07188116,Correlation Between COVID-19 and Radiation Pneumonitis in Breast Cancer,NOT_YET_RECRUITING,,200.0,,OBSERVATIONAL,Zhejiang Hospital,,85,2025-09-15,
NCT03635216,The Biomarker Analysis in Locally Advanced Cervical Cancer,UNKNOWN,,62.0,,OBSERVATIONAL,Mackay Memorial Hospital,,22,2018-05-21,
NCT02294006,Activity and Safety of Everolimus+Octreotide LAR+Metformin in Advanced Pancreatic Well-differentiated NETs,UNKNOWN,PHASE2,26.0,,INTERVENTIONAL,"Fondazione IRCCS Istituto Nazionale dei Tumori, Milano",,554,2014-06,
NCT05819606,Positron Emission Radiomics With PSMA Radioligands on Newly Diagnosed Prostate Cancer Patients,COMPLETED,,70.0,,OBSERVATIONAL,Fondazione Policlinico Universitario Agostino Gemelli IRCCS,,47,2023-04-15,
NCT06832306,STimulation to Activate RespIration,RECRUITING,NA,30.0,,INTERVENTIONAL,Lungpacer Medical Inc.,,379,2025-05-28,
NCT06663033,Anastomotic Leak in Covid-19,COMPLETED,,390.0,,OBSERVATIONAL,Zagazig University,,10,2020-04-01,
NCT05034133,Durvalumab With Chemotherapy Followed by Sequential Radiotherapy for Limited Stage Small Cell Lung Cancer,UNKNOWN,PHASE2,20.0,,INTERVENTIONAL,Beijing Haidian Hospital,,1150,2021-09-01,
NCT02328404,The Effect of Vitamin D Supplementation Among Overweight Jordanian Women With Polycystic Ovary Syndrome (PCOS),COMPLETED,PHASE3,60.0,,INTERVENTIONAL,Hayat Pharmaceutical Co. PLC,,421,2014-02,
NCT04782804,Adjuvant PD-1 Antibody in Combination With Capecitabine for Patients With ICC at High-Risk of Postoperative Recurrence,UNKNOWN,"PHASE1, PHASE2",30.0,,INTERVENTIONAL,Fudan University,,175,2021-01-01,
NCT03322384,"UCDCC#271: Phase I/II Trial of Epacadostat, Intralesional SD101, Radiotherapy in Patients With Lymphoma",COMPLETED,"PHASE1, PHASE2",20.0,,INTERVENTIONAL,"University of California, Davis",,741,2018-01-17,
NCT06256484,A Study to Evaluate the Safety and Preliminary Efficacy of ATA3219 in Participants With Relapsed/Refractory B-cell Non-Hodgkin Lymphoma,TERMINATED,PHASE1,1.0,,INTERVENTIONAL,Atara Biotherapeutics,,608,2024-09-06,
NCT03320733,Comparison Between Dual Energy/Subtraction CT With MRI for the Identification of Predictors of Malignancy in Cystic Pancreatic Lesions,COMPLETED,NA,46.0,,INTERVENTIONAL,"University Health Network, Toronto",,85,2018-07-01,
NCT02204033,Dose Escalation Study With 99mTC - or 186 Re-labelled Humanised Monoclonal Antibody (hMAb) BIWA 4 in Patients With Head and Neck Cancer,COMPLETED,PHASE1,33.0,,INTERVENTIONAL,Boehringer Ingelheim,,274,1999-03,
NCT04434833,A Single-cell Transcriptome Study in Patients With Non-Hodgkin's Lymphoma,UNKNOWN,,150.0,,OBSERVATIONAL,Ruijin Hospital,,36,2020-07-01,
NCT02273752,"Pharmacokinetically Guided Everolimus in Patients With Breast Cancer, Pancreatic Neuroendocrine Tumors, or Kidney Cancer",TERMINATED,PHASE2,2.0,,INTERVENTIONAL,Emory University,,823,2014-11,
NCT02943252,The Clinical Study of Apatinib Plus S1 for Patients With Advanced Non-squamous Head and Neck Cancer,UNKNOWN,PHASE2,30.0,,INTERVENTIONAL,"Cancer Institute and Hospital, Chinese Academy of Medical Sciences",,789,2016-10,
NCT04767152,Evaluation of Brain Changes in ALL Patients on Therapy,UNKNOWN,NA,110.0,,INTERVENTIONAL,"Federal Research Institute of Pediatric Hematology, Oncology and Immunology",,64,2021-02-16,
NCT02637375,A Pilot Preoperative Trial of Ganetespib With Paclitaxel for Triple-Negative Breast Cancer,WITHDRAWN,NA,0.0,,INTERVENTIONAL,University of Chicago,,520,2016-05,
NCT05964101,Nivolumab Combined With Chemotherapy in the Treatment of Primary Tracheal Squamous Cell Carcinoma,RECRUITING,PHASE2,25.0,,INTERVENTIONAL,The First Affiliated Hospital of Guangzhou Medical University,,480,2023-10-01,
NCT02153801,Genito Urinary Function With High or Low Inferior Mesenteric Artery Ligation in Laparoscopic Anterior Rectal Resection,COMPLETED,NA,212.0,,INTERVENTIONAL,Niguarda Hospital,,49,2014-09,
NCT03372057,A Study of Duvelisib in Participants With Relapsed or Refractory Peripheral T-cell Lymphoma (PTCL),COMPLETED,PHASE2,156.0,,INTERVENTIONAL,SecuraBio,,251,2018-02-22,
NCT03148275,"Trametinib in Treating Patients With Epithelioid Hemangioendothelioma That is Metastatic, Locally Advanced, or Cannot Be Removed by Surgery",COMPLETED,PHASE2,44.0,,INTERVENTIONAL,National Cancer Institute (NCI),,1279,2017-06-20,
NCT07288957,A Early Study of ABSK131 in Patients With Advanced/Metastatic Solid Tumors,RECRUITING,PHASE1,266.0,,INTERVENTIONAL,"Abbisko Therapeutics Co, Ltd",,861,2025-07-22,
NCT02432612,A Study to Assess the Pharmacokinetic (PK) Properties of Sativex® in Patients With Advanced Cancer,WITHDRAWN,PHASE1,0.0,,INTERVENTIONAL,GW Pharmaceuticals Ltd,,642,2015-10,
NCT05201612,Pembrolizumab and Olaparib in Homologous-recombination Deficient (HRD) Advanced Colorectal Cancer (CRC).,UNKNOWN,PHASE2,40.0,,INTERVENTIONAL,Grupo Espanol Multidisciplinario del Cancer Digestivo,,1245,2022-07-07,
NCT03409081,Early Access Program (EAP) of Gilteritinib (ASP2215) in Patients With FMS-like Tyrosine Kinase 3 (FLT3) Mutated Relapsed or Refractory Acute Myeloid Leukemia (AML) or With FLT3-Mutated AML in Complete Remission (CR) With Minimal Residual Disease (MRD),NO_LONGER_AVAILABLE,,,,EXPANDED_ACCESS,"Astellas Pharma Global Development, Inc.",,781,,
NCT02839681,Anti-Mesothelin Antibody Drug Conjugate Anetumab Ravtansine for Mesothelin Expressing Lung Adenocarcinoma,TERMINATED,PHASE2,2.0,,INTERVENTIONAL,National Cancer Institute (NCI),,1529,2016-07-19,
NCT00003019,Vinblastine and Methotrexate in Treating Children With Desmoid Tumors,COMPLETED,PHASE2,28.0,,INTERVENTIONAL,Children's Oncology Group,,127,1997-08,
NCT05601219,A Phase 1 Study of ADA-011 for Subjects With Advanced Solid Tumors,TERMINATED,PHASE1,46.0,,INTERVENTIONAL,"Adanate, Inc",,223,2022-11-15,
NCT01667419,A Study of Vemurafenib Adjuvant Therapy in Participants With Surgically Resected Cutaneous BRAF-Mutant Melanoma,COMPLETED,PHASE3,498.0,,INTERVENTIONAL,Hoffmann-La Roche,,331,2012-09-24,
NCT04506528,COVID EHR COHORT at the University of Wisconsin,COMPLETED,,1634381.0,,OBSERVATIONAL,"University of Wisconsin, Madison",,29,2020-06-11,
NCT07494565,Celecoxib Plus R-CHOP vs R-CHOP in Newly Diagnosed Advanced CD5+ DLBCL,NOT_YET_RECRUITING,PHASE2,60.0,,INTERVENTIONAL,Sun Yat-sen University,,1143,2026-03-05,
NCT05456165,Study of an Individualized Vaccine Targeting Neoantigens in Combination With Immune Checkpoint Blockade for Patients With Colon Cancer,WITHDRAWN,PHASE2,0.0,,INTERVENTIONAL,"Gritstone bio, Inc.",,895,2022-05-19,
NCT00884767,Biomarkers in Predicting Neurotoxicity in Patients With Colorectal Cancer Receiving Oxaliplatin,UNKNOWN,PHASE2,206.0,,INTERVENTIONAL,Institut Cancerologie de l'Ouest,,192,2007-09,
NCT04028167,Induction FLOT With CROSS CRT for Esophageal Cancer,ACTIVE_NOT_RECRUITING,PHASE2,40.0,,INTERVENTIONAL,"University of Colorado, Denver",,768,2020-04-08,
NCT03132467,"Durvalumab and Tremelimumab Before Surgery in Treating Patients With Hormone Receptor Positive, HER2 Negative Stage II-III Breast Cancer",COMPLETED,EARLY_PHASE1,16.0,,INTERVENTIONAL,M.D. Anderson Cancer Center,,941,2017-06-13,
NCT04580667,Determination of Assay Cut-Off for the RadTox Test in Prostate Cancer Patients to Predict GI Radiation Toxicity,WITHDRAWN,,0.0,,OBSERVATIONAL,"DiaCarta, Inc.",,482,2020-10-01,
NCT06587867,Seronegative Myasthenia Gravis - Efgartigimod IV,RECRUITING,PHASE3,30.0,,INTERVENTIONAL,"University Health Network, Toronto",,804,2023-06-01,
NCT01417000,Safety and Efficacy of Combination Listeria/GVAX Immunotherapy in Pancreatic Cancer,COMPLETED,PHASE2,93.0,,INTERVENTIONAL,"Aduro Biotech, Inc.",,417,2011-09-21,
NCT02618200,Creation of an Image Database for the Development of a Computer Aided Diagnostic (CAD) System in Patients With Prostate Cancer,COMPLETED,NA,2.0,,INTERVENTIONAL,Hospices Civils de Lyon,,93,2016-02-01,
NCT04177407,Protocol: Reconstruct the Pelvic Peritoneum Using BPF,UNKNOWN,NA,30.0,,INTERVENTIONAL,West China Hospital,,113,2017-03-23,
NCT06065007,Quality of Life and Disease-related Symptoms in Individuals With Systemic Mastocytosis,ACTIVE_NOT_RECRUITING,,400.0,,OBSERVATIONAL,Uppsala University,,57,2024-03-25,
NCT06020807,Analytical Specificity of Bladder EpiCheck Test in Healthy Population and Urology Patients Without Prior History or Evidence of Bladder Cancer,COMPLETED,,168.0,,OBSERVATIONAL,Nucleix Ltd.,,112,2019-09-05,
NCT01177007,Intra-arterial Y-90 TheraSpheres for Hepatic Metastases From Solid Tumors,COMPLETED,PHASE2,50.0,,INTERVENTIONAL,Yale University,,713,2010-09,
NCT06104592,Single-Arm Comprehensive Ablative Bridging Irradiation I Prior to CD19 CAR-T In High-Risk R/R LBCL,RECRUITING,PHASE2,27.0,,INTERVENTIONAL,H. Lee Moffitt Cancer Center and Research Institute,,659,2023-11-08,
NCT03656536,A Study to Evaluate the Efficacy and Safety of Pemigatinib Versus Chemotherapy in Unresectable or Metastatic Cholangiocarcinoma,TERMINATED,PHASE3,167.0,,INTERVENTIONAL,Incyte Corporation,,566,2019-06-03,
NCT05546736,iCanWork: A Randomized Controlled Trial,NOT_YET_RECRUITING,NA,270.0,,INTERVENTIONAL,McGill University,,99,2023-04-01,
NCT06216171,Adaptive Radiotherapy in Head and Neck Tumor Patients,RECRUITING,NA,30.0,,INTERVENTIONAL,"University Hospital, Essen",,15,2024-01-25,
NCT05864144,A Study of SNS-101 (Anti VISTA) Monotherapy and in Combination With Cemiplimab in Patients With Advanced Solid Tumors,ACTIVE_NOT_RECRUITING,"PHASE1, PHASE2",98.0,,INTERVENTIONAL,"Sensei Biotherapeutics, Inc.",,416,2023-05-31,
NCT02241564,Malignancies in Transplanted Patients,COMPLETED,,95.0,,OBSERVATIONAL,Uppsala University,,50,2007-11,
NCT06177964,Lerapolturev (PVSRIPO) in GBM,RECRUITING,PHASE2,92.0,,INTERVENTIONAL,Darell Bigner,,1012,2024-07-15,
NCT00168064,Safety and Efficacy of Nitrogen Mustard in Treatment of Mycosis Fungoides,COMPLETED,PHASE2,260.0,,INTERVENTIONAL,Yaupon Therapeutics,,238,2006-05,
NCT02607709,Lymphadenectomy in Urothelial Carcinoma,SUSPENDED,NA,366.0,,INTERVENTIONAL,Zealand University Hospital,,77,2016-06,
NCT04804709,Non-Invasive Focused Ultrasound (FUS) With Oral Panobinostat in Children With Progressive Diffuse Midline Glioma (DMG),TERMINATED,PHASE1,5.0,,INTERVENTIONAL,Columbia University,,761,2021-07-28,
NCT00004009,R115777 in Treating Patients With Refractory or Recurrent Acute Leukemia or Chronic Myelogenous Leukemia,COMPLETED,PHASE1,,,INTERVENTIONAL,"University of Maryland, Baltimore",,340,1999-06,
NCT00688909,Rheumatological Evaluation of Anastrozole and Letrozole as Adjuvant Treatment in Post-menopausal Women With Breast Cancer,COMPLETED,PHASE4,261.0,,INTERVENTIONAL,Novartis Pharmaceuticals,,264,2008-03,
NCT04805099,Checkpoint Inhibitors in Patients With Cancer and Underlying Autoimmune Disease,COMPLETED,,126.0,,OBSERVATIONAL,Hellenic Cooperative Oncology Group,,39,2020-11-01,
NCT07336732,Andamertinib With or Without Platinum-doublet Chemotherapy Versus Platinum-doublet Chemotherapy in Patients With NSCLC Harboring Atypical EGFR Mutations,RECRUITING,PHASE2,40.0,,INTERVENTIONAL,"Avistone Biotechnology Co., Ltd.",,402,2026-03-11,
NCT02377232,Simultaneous Improvement in Colon Cancer Screening Rates and Patient-Centered Care,COMPLETED,NA,424.0,,INTERVENTIONAL,"University of Colorado, Denver",,397,2015-05,
NCT01555632,Atorvastatin Calcium in Preventing Metabolic Syndrome in Prostate Cancer Patients Receiving Androgen-Deprivation Therapy,WITHDRAWN,NA,0.0,,INTERVENTIONAL,University of Nebraska,,445,2012-03,
NCT05108298,Improving Adolescent and Young Adult Self-Reported Data in ECOG-ACRIN Trials,RECRUITING,NA,400.0,,INTERVENTIONAL,Eastern Cooperative Oncology Group,,154,2021-11-10,
NCT06178198,Radiation Major Hepatectomy to Selectively Treat Large Unifocal Hepatocellular Carcinoma,RECRUITING,PHASE2,30.0,,INTERVENTIONAL,Seoul National University Hospital,,366,2023-11-08,
NCT05528887,Study of CAR-T Cell Therapy in the Treatment of Relapsed/Refractory Hematological Malignancies,RECRUITING,PHASE1,10.0,,INTERVENTIONAL,The Affiliated People's Hospital of Ningbo University,,196,2021-09-16,
NCT03123393,TAK-659 in Participants With Relapsed or Refractory Diffuse Large B-Cell Lymphoma (DLBCL),TERMINATED,PHASE2,49.0,,INTERVENTIONAL,"Calithera Biosciences, Inc",,661,2017-10-10,
NCT04290793,"Neoadjuvant Chemotherapy With Pyrotinib, Epirubicin and Cyclophosphamide Followed by Taxanes and Trastuzumab for HER-2+ Breast Cancer",ACTIVE_NOT_RECRUITING,"PHASE2, PHASE3",113.0,,INTERVENTIONAL,Hebei Medical University Fourth Hospital,,373,2020-03-01,
NCT00505921,Autologous and Allogenic Transplantation With Campath-1H for T-Cell Lymphoma,TERMINATED,PHASE2,27.0,,INTERVENTIONAL,M.D. Anderson Cancer Center,,177,2003-03,
NCT06424821,Cadonilimab Plus Chemotherapy as First-line Treatment for PD-L1 Negative NSCLC,RECRUITING,PHASE2,54.0,,INTERVENTIONAL,"Shanghai Pulmonary Hospital, Shanghai, China",,819,2023-07-04,
NCT02291614,A Phase 1 Study of AMG 211 in Participants With Advanced Gastrointestinal Cancer,TERMINATED,PHASE1,45.0,,INTERVENTIONAL,Amgen,,278,2014-11-27,
NCT05750693,PIK3CA in HER2+ BC and pCR Trial,UNKNOWN,NA,58.0,,INTERVENTIONAL,Fondazione Policlinico Universitario Agostino Gemelli IRCCS,,376,2022-05-02,
NCT05871593,CIRculating Cell-free nUcLeic Acids in Cancer Therapy Monitoring -01,NOT_YET_RECRUITING,NA,200.0,,INTERVENTIONAL,University Hospital Tuebingen,,70,2023-10,
NCT00186121,Estradiol Suppression for the Treatment of Metastatic Breast Cancer in Premenopausal Women,COMPLETED,PHASE2,35.0,,INTERVENTIONAL,Stanford University,,264,2000-10,
NCT00062621,Combined Bone Marrow and Kidney Transplant for Multiple Myeloma With Kidney Failure,COMPLETED,PHASE1,5.0,,INTERVENTIONAL,National Institute of Allergy and Infectious Diseases (NIAID),,95,2003-06,
NCT03543514,PREHABILITATION RECTAL CANCER DURING ADJUVANCY VS BEFORE SURGERY,UNKNOWN,,70.0,,OBSERVATIONAL,Corporacion Parc Tauli,,67,2022-02-02,
NCT02602314,Sustained Treatment-free Remission in BCR-ABL+ Chronic Myeloid Leukemia,UNKNOWN,PHASE4,450.0,,INTERVENTIONAL,Gruppo Italiano Malattie EMatologiche dell'Adulto,,481,2016-11-11,
NCT03359616,Transanal Versus Laparoscopic Total Mesorectal Excision For Rectal Cancer,UNKNOWN,NA,258.0,,INTERVENTIONAL,Shanghai Minimally Invasive Surgery Center,,216,2018-01-01,
NCT04816006,"Breast Cancer, Reasoning, and Activity Intervention",RECRUITING,NA,160.0,,INTERVENTIONAL,Mayo Clinic,,582,2024-02-22,
NCT04253106,Liquid Biopsies for the Personalized Management of Patients with Hereditary Diffuse Gastric Cancer,COMPLETED,NA,16.0,,INTERVENTIONAL,Assistance Publique - Hôpitaux de Paris,,111,2020-11-26,
NCT00910819,Tumour Registry Colorectal Cancer,COMPLETED,,7000.0,,OBSERVATIONAL,iOMEDICO AG,,27,2006-09,
NCT06476119,OPTImaL:Optimisation of Treatment for Patients With Low Stage Triple-negative Breast Cancer With High Stromal Tumor-infiltrating Lymphocytes,RECRUITING,,490.0,,OBSERVATIONAL,The Netherlands Cancer Institute,,391,2025-04-15,
NCT04959630,Immersive Virtual Reality Environment for Complex Cognitive Skills Curricular Training in Liver Surgery,COMPLETED,NA,50.0,,INTERVENTIONAL,"University Hospital, Ghent",,22,2020-09-01,
NCT05891028,64Cu/68Ga Labelled EB-ss-CPT PET/CT Scan in Colorectal Cancer,UNKNOWN,EARLY_PHASE1,10.0,,INTERVENTIONAL,Peking Union Medical College Hospital,,73,2023-05-07,
NCT04014465,Monitoring Efficacy of Radiotherapy in Lung Cancer and Esophageal Cancer,UNKNOWN,,150.0,,OBSERVATIONAL,Chinese Academy of Medical Sciences,,129,2019-02-01,
NCT06784765,Preventive Use of PIPAC in Locally Advanced Gastric Cancer.,RECRUITING,NA,160.0,,INTERVENTIONAL,"National Research Oncology and Transplantology Center, Kazakhstan",,93,2025-01-15,
NCT00042965,Capecitabine and Gemcitabine in Treating Patients With Metastatic Kidney Cancer,COMPLETED,PHASE2,60.0,,INTERVENTIONAL,Alliance for Clinical Trials in Oncology,,423,2002-10,
NCT00684567,Temozolomide Phase II Clinical Study in Patients With Newly Diagnosed Glioblastoma Multiforme (Study P04661)(COMPLETED),COMPLETED,PHASE2,30.0,,INTERVENTIONAL,Merck Sharp & Dohme LLC,,347,2005-09-27,
NCT00756665,Prostate Active Surveillance Study,RECRUITING,,3000.0,,OBSERVATIONAL,University of Washington,,211,2008-07,
NCT02102165,AURORA: Aiming to Understand the Molecular Aberrations in Metastatic Breast Cancer.,RECRUITING,NA,1000.0,,INTERVENTIONAL,Breast International Group,,526,2014-04,
NCT05274867,Development of a Patient Reported Outcome Measure for Advanced Ovarian Cancer Patients Receiving Surgical and Chemotherapy Treatment,UNKNOWN,,137.0,,OBSERVATIONAL,The Christie NHS Foundation Trust,,91,2022-03-07,
NCT04731467,A Study of CM24 in Combination with Nivolumab in Adults with Advanced Solid Tumors,COMPLETED,"PHASE1, PHASE2",79.0,,INTERVENTIONAL,Famewave Ltd.,,637,2021-03-19,
NCT04892667,Early Detection of Patients at Risk of Developing Anthracycline Cardiotoxicity With TEP/CT -FDG,ACTIVE_NOT_RECRUITING,NA,128.0,,INTERVENTIONAL,Assistance Publique - Hôpitaux de Paris,,164,2022-04-01,
NCT07441707,A Study to Assess a Medicine Called Tovorafenib in Japanese Children and Young Adults With Brain Tumours,NOT_YET_RECRUITING,PHASE1,6.0,,INTERVENTIONAL,Ipsen,,642,2026-02-16,
NCT02702492,PAK4 and NAMPT in Patients With Solid Malignancies or NHL (PANAMA),TERMINATED,PHASE1,60.0,,INTERVENTIONAL,Karyopharm Therapeutics Inc,,389,2016-06-08,
NCT06576336,A Randomized Clinical Trial About Use of 3D Laparoscopy Versus 2D Laparoscopy in Adrenal Surgery,COMPLETED,PHASE4,350.0,,INTERVENTIONAL,University of Palermo,,44,2018-01-01,
NCT01880411,"Phase I, Open-Label Study of the Safety, Tolerability, and Immunogenicity PEK Fusion Protein Vaccine",UNKNOWN,PHASE1,15.0,,INTERVENTIONAL,"HealthBanks Biotech Co., Ltd.",,372,2013-06,
NCT02648711,"Alternative Dosing for CRLX101(NLG207) Alone, With Avastin and With mFOLFOX6 in Advanced Solid Tumors",TERMINATED,PHASE1,41.0,,INTERVENTIONAL,NewLink Genetics Corporation,,1355,2015-10,
NCT01021371,"The GP's Role in Cancer Rehabilitation: a Randomised, Controlled Study.",COMPLETED,EARLY_PHASE1,959.0,,INTERVENTIONAL,University of Southern Denmark,,52,2008-05,
NCT01300871,Alopecia Secondary to Endocrine Therapy in Postmenopausal Women With Breast Cancer,TERMINATED,,100.0,,OBSERVATIONAL,"University Health Network, Toronto",,76,2011-01,
NCT03649971,A Study of Guselkumab in Participants With Familial Adenomatous Polyposis,COMPLETED,PHASE1,77.0,,INTERVENTIONAL,"Janssen Research & Development, LLC",,267,2018-11-19,
NCT06971471,Artificial Intelligence to Solve the MissINg of Gastric Cancer (AIMING),NOT_YET_RECRUITING,NA,6600.0,,INTERVENTIONAL,Istituto Clinico Humanitas,,60,2025-06-10,
NCT05169944,Magrolimab in Children and Adults With Recurrent or Progressive Malignant Brain Tumors,COMPLETED,PHASE1,13.0,,INTERVENTIONAL,"University of California, San Francisco",,1314,2022-04-22,
NCT03575234,Nivolumab & IRX-2 With Surgery for Resectable Stage III-IVA Oral Cavity Cancer or HPV-Positive Oropharyngeal Cancer,WITHDRAWN,PHASE1,0.0,,INTERVENTIONAL,Emory University,,1813,2020-07-01,
NCT00843934,Trial of Transcatheter Arterial Chemoembolization for Hepatocellular Carcinoma,UNKNOWN,"PHASE2, PHASE3",450.0,,INTERVENTIONAL,Nihon University,,251,2009-03,
NCT07003334,Correlation of Psychological Distress and Immune Checkpoint Inhibitors in Gastric Cancer,RECRUITING,,268.0,,OBSERVATIONAL,"Nanfang Hospital, Southern Medical University",,143,2025-01-03,
NCT04828434,Virtual Individual Cognitive Stimulation Therapy: a Proof of Concept Study,UNKNOWN,NA,34.0,,INTERVENTIONAL,"University College, London",,57,2021-04-01,
NCT03527264,BrUOG 355: Nivolumab to Tailored Radiation Therapy With Concomitant Cisplatin in the Treatment of Patients With Cervical Cancer,TERMINATED,PHASE2,4.0,,INTERVENTIONAL,Brown University,,432,2018-11-08,
NCT00244309,Study of Tamsulosin and/or Dutasteride to Relieve Urinary Symptoms After Brachytherapy for Localized Prostate Cancer,COMPLETED,PHASE3,348.0,,INTERVENTIONAL,Case Comprehensive Cancer Center,,119,2005-11,
NCT01962909,Phase 0 Biodistribution of Novel Imaging for Resectable Pancreatic Cancer,TERMINATED,EARLY_PHASE1,3.0,,INTERVENTIONAL,University of Virginia,,72,2013-11,
NCT04450732,Safety of GQ1001 in Adult Patients With HER2-Positive Advanced Solid Tumors,UNKNOWN,PHASE1,96.0,,INTERVENTIONAL,"GeneQuantum Healthcare (Suzhou) Co., Ltd.",,939,2020-07-07,
NCT05654532,Study of AC699 in Patients With Estrogen Receptor Positive/Human Epidermal Growth Factor Receptor 2 Negative (ER+/HER2-) Locally Advanced or Metastatic Breast Cancer,ACTIVE_NOT_RECRUITING,PHASE1,100.0,,INTERVENTIONAL,Accutar Biotechnology Inc,,398,2022-12-29,
NCT02347332,Phase III Study of Vinflunine Plus Methotrexate Versus Methotrexate Alone in Patients With Head and Neck Cancer,COMPLETED,PHASE3,459.0,,INTERVENTIONAL,Pierre Fabre Medicament,,104,2014-04-25,
NCT03847532,MUTYH-associated Polyposis,UNKNOWN,NA,25.0,,INTERVENTIONAL,"State Scientific Centre of Coloproctology, Russian Federation",,38,2018-10-10,
NCT05976932,Circulating Tumor DNA Monitoring in Platinum-resistant Ovarian Cancer,UNKNOWN,,20.0,,OBSERVATIONAL,Fudan University,,99,2023-08,
NCT04637698,OH2 Oncolytic Viral Therapy in Pancreatic Cancer,TERMINATED,"PHASE1, PHASE2",5.0,,INTERVENTIONAL,"Binhui Biopharmaceutical Co., Ltd.",,865,2021-02-02,
NCT01207063,Adaptive Radiotherapy in Non-small Cell Lung Cancer (NSCLC),COMPLETED,PHASE2,40.0,,INTERVENTIONAL,Maastricht Radiation Oncology,,59,2011-03,
NCT06036563,Prospective Screening and Differentiating Common Cancers Using Peripheral Blood Cell-Free DNA Sequencing,RECRUITING,,3200.0,,OBSERVATIONAL,"Air Force Military Medical University, China",,192,2023-09-01,
NCT06029998,Bortezomib in Patients With Metastatic Castration-Resistant Prostate Cancer With PTEN Deletion,RECRUITING,PHASE2,22.0,,INTERVENTIONAL,University of Utah,,989,2024-03-11,
NCT05695898,XmAb23104 (PD1 X ICOS) and XmAb22841 (CTLA-4 X LAG3) in Treating Melanoma Prior Immune Checkpoint Inhibitor Therapy,TERMINATED,PHASE1,6.0,,INTERVENTIONAL,"University of California, San Francisco",,2246,2023-02-28,
NCT02735798,64-Cu Labeled Brain PET/MRI for MM-302 in Advanced HER2+ Cancers With Brain Mets,WITHDRAWN,EARLY_PHASE1,0.0,,INTERVENTIONAL,Pamela Munster,,522,2016-04,
NCT00003387,"Carboplatin, Paclitaxel, and Radiation Therapy in Treating Patients With Stage III Non-small Cell Lung Cancer That Cannot Be Removed During Surgery",COMPLETED,PHASE3,366.0,,INTERVENTIONAL,Alliance for Clinical Trials in Oncology,,254,1998-07,
NCT02336087,"Gemcitabine Hydrochloride, Paclitaxel Albumin-Stabilized Nanoparticle Formulation, Metformin Hydrochloride, and a Standardized Dietary Supplement in Treating Patients With Pancreatic Cancer That Cannot be Removed by Surgery",ACTIVE_NOT_RECRUITING,PHASE1,21.0,,INTERVENTIONAL,City of Hope Medical Center,,361,2016-01-14,
NCT00324987,Imatinib Mesylate With or Without Bevacizumab in Treating Patients With Metastatic or Unresectable Gastrointestinal Stromal Tumor,TERMINATED,PHASE3,12.0,,INTERVENTIONAL,National Cancer Institute (NCI),,1091,2008-04,
NCT02228993,Quality of Recovery Awake Versus Asleep Craniotomy,COMPLETED,,84.0,,OBSERVATIONAL,Northwestern University,,39,2014-08,
NCT01477021,Autologous T Cells and Cyclophosphamide in Treating Patients With Soft Tissue Sarcoma That is Metastatic or Cannot Be Removed By Surgery,COMPLETED,PHASE1,6.0,,INTERVENTIONAL,Fred Hutchinson Cancer Center,,1014,2012-01,
NCT05191914,Clinical Study of Fulvestrant Combined With Chidamide in the Treatment of Hormone Receptor-positive Advanced Breast Cancer Resistant to CDK4/6 Inhibitors,UNKNOWN,PHASE4,20.0,,INTERVENTIONAL,Liaoning Cancer Hospital & Institute,,439,2022-02-07,
NCT01290406,BEZ235 Trial in Patients With Advanced Endometrial Carcinoma,WITHDRAWN,PHASE2,0.0,,INTERVENTIONAL,Novartis Pharmaceuticals,,253,2012-03,
NCT02416206,High Dose Chemotherapy Using BeEAM for Autologous Transplant in Multiple Myeloma,COMPLETED,PHASE2,65.0,,INTERVENTIONAL,"Northside Hospital, Inc.",,170,2015-04-27,
NCT00657904,Bicalutamide (Casodex™) Versus Placebo in Patients With Early Prostate Cancer,COMPLETED,PHASE3,3618.0,,INTERVENTIONAL,AstraZeneca,,46,1995-08,
NCT00381004,FCR Plus Sargramostim (GM-CSF) as Frontline Therapy for Symptomatic Chronic Lymphocytic Leukemia,COMPLETED,PHASE2,60.0,,INTERVENTIONAL,M.D. Anderson Cancer Center,,341,2006-09,
NCT07226804,Nanosecond Pulsed Field Ablation in the Management of Benign Thyroid Nodules,NOT_YET_RECRUITING,,30.0,,OBSERVATIONAL,M.D. Anderson Cancer Center,,121,2026-04-26,
NCT00193284,"Chemotherapy Plus Gefitinib Followed by Chemotherapy, Radiation Therapy, and Gefitinib For Head and Neck Cancer",COMPLETED,PHASE2,50.0,,INTERVENTIONAL,"SCRI Development Innovations, LLC",,205,2003-10,
NCT05926284,Prospective Observational Study of a Precision Medicine Approach in Patients With Advanced Cancer,RECRUITING,,2000.0,,OBSERVATIONAL,"Charite University, Berlin, Germany",,42,2016-03-01,
NCT05169684,A Study of BMS-986218 or BMS-986218 Plus Nivolumab in Combination With Docetaxel in Participants With Metastatic Castration-resistant Prostate Cancer,TERMINATED,PHASE2,10.0,,INTERVENTIONAL,Bristol-Myers Squibb,,169,2022-02-14,
NCT05197933,Safety of Laparoscopic Resection for Gastrointestinal Stromal Tumor on Unfavorable Anatomic Site of Stomach,UNKNOWN,NA,182.0,,INTERVENTIONAL,RenJi Hospital,,387,2020-10-01,
NCT02621333,Chemotherapy Combined Autologous Cytokine-induced Killer Cells in Naive Stage IV EGFR-wild Type Lung Adenocarcinoma,TERMINATED,PHASE2,280.0,,INTERVENTIONAL,Henan Cancer Hospital,,396,2015-10,
NCT03010033,Effect of Pulmonary Rehabilitation on Perioperative Outcomes in Smoker Patients With Lung Cancer,UNKNOWN,NA,200.0,,INTERVENTIONAL,Ruijin Hospital,,89,2017-01-20,
NCT07440433,Home-Based Physiotherapy in Oncology,NOT_YET_RECRUITING,NA,21.0,,INTERVENTIONAL,"University Hospital, Geneva",,162,2026-03,
NCT00869752,"MK-0646, Etoposide, and Cisplatin in Treating Patients With Extensive-Stage Small Cell Lung Cancer",COMPLETED,"PHASE1, PHASE2",12.0,,INTERVENTIONAL,NCIC Clinical Trials Group,,328,2009-12-16,
NCT02909452,Continuation Study of Entinostat in Combination With Pembrolizumab in Patients With Advanced Solid Tumors,COMPLETED,PHASE1,30.0,,INTERVENTIONAL,Syndax Pharmaceuticals,,83,2016-09-20,
NCT02977052,Optimal Neo-adjuvant Combination Scheme of Ipilimumab and Nivolumab,UNKNOWN,PHASE2,186.0,,INTERVENTIONAL,The Netherlands Cancer Institute,,540,2016-11-24,
NCT00408252,Efficacy of SU 011248 in Head And Neck Carcinoma,TERMINATED,PHASE2,54.0,,INTERVENTIONAL,Cliniques universitaires Saint-Luc- Université Catholique de Louvain,,364,2007-02,
NCT01675752,Small Hyperplastic and Adenomatous Reliability Protocol,COMPLETED,,300.0,,OBSERVATIONAL,Istituto Clinico Humanitas,,90,2011-05,
NCT02947152,"HKT288 in Solid Tumors, Including Epithelial Ovarian Cancer and Renal Cell Carcinoma",TERMINATED,PHASE1,9.0,,INTERVENTIONAL,Novartis Pharmaceuticals,,256,2016-12-01,
NCT01922752,To Determine the Maximum Tolerated Dose of Oral CEP-37440 in Patients With Advanced or Metastatic Solid Tumors,COMPLETED,PHASE1,32.0,,INTERVENTIONAL,"Teva Branded Pharmaceutical Products R&D, Inc.",,481,2013-07,
NCT04187352,A Study of CS1001 in Subjects With Esophageal Squamous Cell Carcinoma,COMPLETED,PHASE3,540.0,,INTERVENTIONAL,CStone Pharmaceuticals,,663,2019-12-19,
NCT06927349,"A Trial to Evaluate Safety, Tolerability, Pharmacokinetics and Preliminary Efficacy of BA1301 in Advanced Solid Tumors.",RECRUITING,PHASE1,70.0,,INTERVENTIONAL,"Shandong Boan Biotechnology Co., Ltd",,303,2023-01-11,
NCT00771147,A Trial to Evaluate the Characteristics of Patients Treated for Advanced Renal Cell Carcinoma With Nexavar ®,COMPLETED,,71.0,,OBSERVATIONAL,Bayer,,51,2008-06,
NCT02282449,"Power Injectable Versus a Non-Power Injectable, Upper Arm, TIVAD for Chemotherapy",COMPLETED,NA,209.0,,INTERVENTIONAL,University of Saskatchewan,,74,2013-09,
NCT00601549,A Randomized Controlled Clinical Trial Comparing Oncological Results and Functional Recovery Between Laparoscopic and Open Method for the Treatment of Advanced Rectal Cancer After Concurrent Chemoradiation Therapy (CCRT),UNKNOWN,PHASE3,600.0,,INTERVENTIONAL,National Taiwan University Hospital,,72,2000-01,
NCT00630149,Study of Alimta in Patients With Recurrent or Metastatic Nasopharyngeal Carcinoma (NPC) Who Have Had Prior Platinum Based Chemotherapy,COMPLETED,PHASE2,35.0,,INTERVENTIONAL,Sun Yat-sen University,,604,2007-11,
NCT06287749,French Assessment of MRD by Liquid Biopsies in PDAC Patients (FRENCH.MRD.PDAC),RECRUITING,,37.0,,OBSERVATIONAL,"University Hospital, Montpellier",,125,2024-03-01,
NCT00214149,Multi-catheter High Dose Rate (HDR) Breast Brachytherapy,TERMINATED,PHASE2,127.0,,INTERVENTIONAL,"University of Wisconsin, Madison",,31,2004-10,
NCT01844557,Testing Accountability in Patient Adherence,UNKNOWN,,225.0,,OBSERVATIONAL,M.D. Anderson Cancer Center,,129,2013-05,
NCT00940875,A Study of Tarceva (Erlotinib) in Sequential Combination With Gemcitabine as First Line Therapy in Patients With Advanced Non-Small Cell Lung Cancer,TERMINATED,PHASE2,54.0,,INTERVENTIONAL,Hoffmann-La Roche,,53,2009-06,
NCT06293612,Constructing a Multimodal Imaging System to Predict the Risk of Heterochronous Metastasis of Rectal Cancer,COMPLETED,,302.0,,OBSERVATIONAL,"Cancer Institute and Hospital, Chinese Academy of Medical Sciences",,125,2015-01-01,
NCT01133912,"Preoperative Chemotherapy With Paclitaxel, Gemcitabine, and Lapatinib (Tykerb®) (PGT)",COMPLETED,PHASE1,13.0,,INTERVENTIONAL,Jungsil Ro,,266,2009-03,
NCT01891981,Study of Moxetumomab Pasudotox in Patients With Relapsed and/or Refractory Acute Lymphoblastic Leukemia (ALL),TERMINATED,PHASE1,16.0,,INTERVENTIONAL,M.D. Anderson Cancer Center,,453,2013-12-17,
NCT00502281,Controlled Ovarian Stimulation Followed by Timed Intercourse or Intrauterine Insemination in Infertile PCOS Patients,SUSPENDED,PHASE4,100.0,,INTERVENTIONAL,University Magna Graecia,,103,2007-01,
NCT06084481,Study to Assess Adverse Events and Change in Disease Activity in Adult Participants With Select Advanced Solid Tumor Indications Receiving Intravenous (IV) ABBV-400,ACTIVE_NOT_RECRUITING,PHASE1,302.0,,INTERVENTIONAL,AbbVie,,304,2023-11-09,
NCT00644319,Ibuprofen or Morphine in Treating Pain in Patients Undergoing Pleurodesis for Malignant Pleural Effusion,UNKNOWN,PHASE2,320.0,,INTERVENTIONAL,Oxford University Hospitals NHS Trust,,232,2007-03,
NCT06656728,CancerenD24 Screening as an Aid to the Clinician for the Diagnosis of Cancer,RECRUITING,,2000.0,,OBSERVATIONAL,Tel-Aviv Sourasky Medical Center,,79,2024-09-03,
NCT04005365,Clinical Study of Propranolol Combined With Neoadjuvant Chemotherapy in Gastric Cancer,UNKNOWN,PHASE2,78.0,,INTERVENTIONAL,Yijing He,,610,2019-11-20,
NCT01608165,A Feasibility Study for a Multicentre Randomised Controlled Trial to Compare Surgery With Needle Ablation Techniques in People With Small Renal Masses (4cm),COMPLETED,NA,17.0,,INTERVENTIONAL,Newcastle-upon-Tyne Hospitals NHS Trust,,124,2012-06,
NCT02198365,Comparison of Human Papillomavirus Integrated DNA and Messenger RNA in Cervical Neoplasia,COMPLETED,,250.0,,OBSERVATIONAL,Cathay General Hospital,,20,2007-01,
NCT01804465,Sipuleucel-T With Immediate vs. Delayed Cytotoxic T-Lymphocyte-Associated Protein 4 (CTLA-4) Blockade for Prostate Cancer,COMPLETED,PHASE2,50.0,,INTERVENTIONAL,"University of California, San Francisco",,857,2014-04-22,
NCT01073267,Study of Total Skin Electron Beam Therapy (TSEBT) in Stage IB-IIIA Mycosis Fungoides,COMPLETED,PHASE2,4.0,,INTERVENTIONAL,M.D. Anderson Cancer Center,,292,2010-02,
NCT00003900,Irinotecan With Docetaxel in Treating Patients With Recurrent or Metastatic Non-small Cell Lung Cancer,COMPLETED,PHASE2,48.0,,INTERVENTIONAL,Alliance for Clinical Trials in Oncology,,245,1999-10,
NCT06914700,A Nomogram for Predicting the Diagnosis of Central Malignant Tumors Based on Preoperative Clinical Characteristics and Laboratory Indicators:,COMPLETED,,800.0,,OBSERVATIONAL,Guangdong Provincial People's Hospital,,28,2016-09-01,
NCT02414100,Patient Derived Cancer Cell Lines in Identifying Molecular Changes in Patients With Previously Untreated Pancreatic Cancer Receiving Gemcitabine Hydrochloride-Based Chemotherapy,WITHDRAWN,,0.0,,OBSERVATIONAL,Sidney Kimmel Comprehensive Cancer Center at Thomas Jefferson University,,86,2013-12-12,
NCT05859100,Can Protein Intake be Increased Using Whole Foods Post-treatment in Cancer Patients?,COMPLETED,NA,2.0,,INTERVENTIONAL,University of Alberta,,163,2023-09-01,
NCT00486707,Ovarian Cancer Patient Questionnaire on Genetic Testing,COMPLETED,,237.0,,OBSERVATIONAL,M.D. Anderson Cancer Center,,86,2007-06,
NCT00515892,Safety Study of CAT-8015 Immunoxin in Patients With NHL With Advance Disease,UNKNOWN,PHASE1,50.0,,INTERVENTIONAL,Cambridge Antibody Technology,,588,2007-08,
NCT01271192,Efficacy and Safety Study of Neoadjuvant in Treating Patients With Resectable Local Recurrent Rectal Cancer,UNKNOWN,NA,360.0,,INTERVENTIONAL,Sun Yat-sen University,,291,2010-12,
NCT05870592,Detection of Abnormal Respiratory Cell Populations in Lung Cancer Screening Patients Using the CyPath Lung Assay,UNKNOWN,,40.0,,OBSERVATIONAL,bioAffinity Technologies Inc.,,78,2023-08,
NCT01809392,Decitabine Augments for Post Allogeneic Stem Cell Transplantation in Patients With Acute Myeloid Leukemia and Myelodysplastic Syndrome,UNKNOWN,"PHASE2, PHASE3",15.0,,INTERVENTIONAL,The First Affiliated Hospital of Soochow University,,258,2013-01,
NCT00414271,Neo-adjuvant Chemotherapy in Locally Advanced Gastric Cancer,COMPLETED,PHASE2,18.0,,INTERVENTIONAL,Sidney Kimmel Comprehensive Cancer Center at Johns Hopkins,,415,2006-01,
NCT06170671,REAl-world Outcomes in CHronic Lymphocytic Leukemia Patients Receiving Acalabrutinib in Romania,ACTIVE_NOT_RECRUITING,,250.0,,OBSERVATIONAL,AstraZeneca,,82,2023-12-13,
NCT03709771,Novel Mechanisms and Predictors of VEGF Receptor Inhibitor- or Immune Checkpoint Inhibitor-Associated Hypertension and Cardiovascular Disease,TERMINATED,,2.0,,OBSERVATIONAL,Vanderbilt University Medical Center,,96,2020-01-09,
NCT05673434,A Clinical Study on the Safety and Efficacy of CAR-T Therapy for the TM4SF1-positive Tumors of Digestive System,UNKNOWN,NA,24.0,,INTERVENTIONAL,Changhai Hospital,,727,2023-01-30,
NCT05626764,"QUALITOP - Monitoring Multidimensional Aspects of QUAlity of Life After Cancer ImmunoTherapy, an Open Smart Digital Platform for Personalized Prevention and Patient Management",UNKNOWN,,3000.0,,OBSERVATIONAL,Hospices Civils de Lyon,,160,2020-01-27,
NCT06355609,Sunvozertinib Plus Anlotinib as 1L Treatment in EGFR Mutant Advanced NSCLC-RW,RECRUITING,PHASE2,100.0,,INTERVENTIONAL,Hunan Province Tumor Hospital,,445,2024-07-01,
NCT04720209,Taking AIM at Breast Cancer,ACTIVE_NOT_RECRUITING,NA,102.0,,INTERVENTIONAL,Dana-Farber Cancer Institute,,518,2021-08-13,
NCT00393809,Safety and Proof of Concept Study of Intravesical DTA-H19 in Patients With Superficial Bladder Cancer,COMPLETED,"PHASE1, PHASE2",18.0,,INTERVENTIONAL,Hebrew University of Jerusalem,,77,2006-01,
NCT06983899,"Exercise Training for the Improvement of Immune Activity and Treatment Outcomes During Immunotherapy for Non-small Cell Lung Cancer, BOOST Trial",RECRUITING,NA,100.0,,INTERVENTIONAL,Fred Hutchinson Cancer Center,,406,2026-01-28,
NCT04837599,Artificial Intelligence Performance in Colonoscopy in Daily Practice,UNKNOWN,NA,1100.0,,INTERVENTIONAL,Gastroenterologie Baden-Wettingen,,16,2021-08-01,
NCT03634332,Second-line Study of PEGPH20 and Pembro for HA High Metastatic PDAC,UNKNOWN,PHASE2,35.0,,INTERVENTIONAL,Pancreatic Cancer Research Team,,1255,2019-05-01,
NCT06344832,SSTR PET/CT for Preoperative N Stage Evaluation in GEP-NETs,NOT_YET_RECRUITING,,40.0,,OBSERVATIONAL,Peking Union Medical College Hospital,,61,2024-04-01,
NCT03370432,"Vitamin D, Genes and Colorectal Cancer",COMPLETED,,2895.0,,OBSERVATIONAL,University of Southern Denmark,,27,1993-12,
NCT06689332,"Improving Quality of Life in Frail, Older Patients with Hematological Cancer Through Geriatric Assessment and Treatment - a Pilot Study",COMPLETED,NA,17.0,,INTERVENTIONAL,Odense University Hospital,,116,2022-09-21,
NCT02586532,Evaluation of the Sensitivity of Endoscopy to Detect Nasopharyngeal Carcinoma (NPC) in an Epstein-Barr Virus (EBV)-Based NPC Screening Project in China,COMPLETED,,828.0,,OBSERVATIONAL,National Cancer Institute (NCI),,46,2015-10-19,
NCT03504163,Pembrolizumab (MK-3475) and Bacillus Calmette-Guérin (BCG) as First-Line Treatment for High-Risk T1 Non-Muscle-Invasive Bladder Cancer (NMIBC) and High-Grade Non-Muscle-Invasive Upper Tract Urothelial Carcinoma (NMI-UTUC)],ACTIVE_NOT_RECRUITING,PHASE2,45.0,,INTERVENTIONAL,Memorial Sloan Kettering Cancer Center,,919,2018-06-27,
NCT05255393,Survey on Lymphedema After Sentinel Lymph Node Biopsy in People With Cervical or Vulvar Cancer,COMPLETED,,111.0,,OBSERVATIONAL,Memorial Sloan Kettering Cancer Center,,75,2022-02-15,
NCT07448493,Local Treatment Strategies for Brain Metastases of Gastric and Esophageal Cancer,ACTIVE_NOT_RECRUITING,,230.0,,OBSERVATIONAL,Blokhin's Russian Cancer Research Center,,174,2026-02-01,
NCT04409314,Hypoxia-Specific Imaging to Predict Outcomes of Chimeric Antigen Receptor T-cell Therapy,COMPLETED,,23.0,,OBSERVATIONAL,"University of California, San Francisco",,132,2020-04-16,
NCT05186116,LDLT in Non Resectable Colo-rectal Cancer Liver Metastasis,RECRUITING,NA,25.0,,INTERVENTIONAL,Azienda Ospedaliero-Universitaria di Modena,,257,2022-01-01,
NCT02866916,Study of SXL01 in Patients With Metastatic Castration-Resistant Prostate Cancer (PROSTIRNA),WITHDRAWN,PHASE1,0.0,,INTERVENTIONAL,Institut Claudius Regaud,,652,2017-09,
NCT01269216,A Study of Neoadjuvant Chemoradiotherapy With 5-FU/Leucovorin (FL) vs. TS-1/Irinotecan in Patients With Locally Advanced Rectal Cancer,COMPLETED,PHASE2,136.0,,INTERVENTIONAL,Yonsei University,,338,2008-10,
NCT05612204,Evaluation of Targeted Prostate Biopsies Under MRI: Tolerance and Contribution in the Therapeutic Decision - Exploratory Study,UNKNOWN,NA,50.0,,INTERVENTIONAL,GCS Ramsay Santé pour l'Enseignement et la Recherche,,144,2022-11-21,
NCT02132884,Genetic Sequencing-Informed Targeted Therapy in Treating Patients With Stage IIIB-IV Non-small Cell Lung Cancer,TERMINATED,NA,1.0,,INTERVENTIONAL,Fox Chase Cancer Center,,443,2015-03,
NCT03142633,MicroRNA as Biomarkers for Development of Metabolic Syndrome in Women With Polycystic Ovary Syndrome,COMPLETED,,55.0,,OBSERVATIONAL,Holbaek Sygehus,,60,2016-09-09,
NCT01622933,Multiple Antigen-Engineered DC Vaccine for Melanoma,COMPLETED,PHASE1,35.0,,INTERVENTIONAL,"Lisa H. Butterfield, Ph.D.",,482,2012-06,
NCT03669952,Study of the Influence of Ductal Carcinoma in Situ on the Outcome of Invasive Breast Cancer,COMPLETED,,464.0,,OBSERVATIONAL,Omphis Foundation,,34,2010-01-01,
NCT02715752,A Retrospective Chart Review Study of Gene-Eden-VIR/Novirin,COMPLETED,,1000.0,,OBSERVATIONAL,The Center for the Biology of Chronic Disease,,25,2016-01,
NCT00707252,Study of Polyphenon E in Addition to Erlotinib in Advanced Non Small Cell Lung Cancer,TERMINATED,PHASE1,11.0,,INTERVENTIONAL,Louisiana State University Health Sciences Center Shreveport,,388,2008-01,
NCT03050047,A Multicenter Open-Label Single-Arm Multi-Cohort Phase I Study of BCD-100 in Patients With Advanced Solid Tumors,UNKNOWN,PHASE1,15.0,,INTERVENTIONAL,Biocad,,636,2016-08-30,
NCT02129647,Study of Axitinib in Patients With Neurofibromatosis Type 2 and Progressive Vestibular Schwannomas,COMPLETED,PHASE2,13.0,,INTERVENTIONAL,NYU Langone Health,,762,2014-04,
NCT04955938,"A Study of Fedratinib With IDH Inhibition in Advanced-Phase, IDH-Mutated Ph-Negative Myeloproliferative Neoplasms",WITHDRAWN,PHASE1,0.0,,INTERVENTIONAL,University of Chicago,,802,2021-10-29,
NCT04408638,A Phase III Study Evaluating Glofitamab in Combination With Gemcitabine + Oxaliplatin vs Rituximab in Combination With Gemcitabine + Oxaliplatin in Participants With Relapsed/Refractory Diffuse Large B-Cell Lymphoma,ACTIVE_NOT_RECRUITING,PHASE3,270.0,,INTERVENTIONAL,Hoffmann-La Roche,,692,2021-02-23,
NCT01276938,Exclusive Intraoperative Radiation Therapy for Breast Cancer,COMPLETED,"PHASE2, PHASE3",40.0,,INTERVENTIONAL,"IRCCS Azienda Ospedaliera Universitaria San Martino - IST Istituto Nazionale per la Ricerca sul Cancro, Genoa, Italy",,131,2009-04,
NCT05590949,Observational Study of Bone Complications in People With Post-menopausal Breast Cancer Who Have Stopped Treatment With Denosumab and Aromatase Inhibitors,RECRUITING,,100.0,,OBSERVATIONAL,Memorial Sloan Kettering Cancer Center,,115,2022-10-18,
NCT01676558,A Phase II Study of 131I-rituximab for Relapsed/Refractory Diffuse Large B Cell Lymphoma (DLBCL),UNKNOWN,PHASE2,24.0,,INTERVENTIONAL,Korea Cancer Center Hospital,,280,2012-06,
NCT05142358,A Prospective Study to Evaluate Continuous Positive Airway Pressure Devices to Reduce Pulmonary Dose,COMPLETED,NA,8.0,,INTERVENTIONAL,Case Comprehensive Cancer Center,,55,2022-10-19,
NCT04248348,Metaxa Hospital THromboprophylaxis Program in Oncological & Surgical Patients,UNKNOWN,,600.0,,OBSERVATIONAL,Metaxa Hospital,,86,2018-12-01,
NCT04029948,Laser vs. Electorsurgical Enbloc Resection of Bladder Tumours,UNKNOWN,NA,100.0,,INTERVENTIONAL,Mansoura University,,79,2019-07-01,
NCT04647981,Diagnostic Performance Evaluation Study of the Xpert® Bladder Cancer Monitor Test.,COMPLETED,,320.0,,OBSERVATIONAL,Clinique Beau Soleil,,179,2019-05-22,
NCT06207981,Phase III Study Evaluating Induction Chemotherapy Followed by Chemoradiotherapy Compared to Standard Chemoradiotherapy for Locally Advanced SCCA,RECRUITING,PHASE3,310.0,,INTERVENTIONAL,Federation Francophone de Cancerologie Digestive,,439,2024-02-26,
NCT05554419,"Testing the Use of Combination Therapy in Patients With Persistent Low Level Acute Myeloid Leukemia Following Initial Treatment, The ERASE Study (A MyeloMATCH Treatment Trial)",NOT_YET_RECRUITING,PHASE2,184.0,,INTERVENTIONAL,National Cancer Institute (NCI),,887,2026-07-01,
NCT03648619,"Automatized ""Semi-Whole-Body""-MRI Protocol for Cancer Staging",TERMINATED,NA,10.0,,INTERVENTIONAL,Kantonsspital Baden,,55,2017-09-01,
NCT00312819,Initial Assessment of the Effect of the Addition of Disulfiram (Antabuse) to Standard Chemotherapy in Lung Cancer,COMPLETED,"PHASE2, PHASE3",60.0,,INTERVENTIONAL,Hadassah Medical Organization,,43,2006-03,
NCT01386619,NK DLI in Patients After Human Leukocyte Antigen (HLA)-Haploidentical Hematopoietic Stem Cell Transplantation (HSCT),COMPLETED,"PHASE1, PHASE2",15.0,,INTERVENTIONAL,"University Hospital, Basel, Switzerland",,49,2004-01,
NCT06344130,Hypofractionation Trial of Re-irradiation in Good Prognosis Recurrent Glioblastoma,RECRUITING,PHASE1,28.0,,INTERVENTIONAL,National Cancer Institute (NCI),,340,2024-10-01,
NCT00394628,AQ4N in Combination With Radiotherapy and Temozolomide in Subjects With Newly Diagnosed Glioblastoma Multiforme,UNKNOWN,"PHASE1, PHASE2",60.0,,INTERVENTIONAL,Novacea,,433,2006-10,
NCT03609528,CamPROBE: Developing a Safer and Simple Device for Local Anaesthetic Transperineal Prostate Biopsies,COMPLETED,NA,40.0,,INTERVENTIONAL,Cambridge University Hospitals NHS Foundation Trust,,106,2019-02-15,
NCT01008865,A Comparison of the Studer Pouch Versus the T-Pouch Orthotopic Neobladder Urinary Diversion in Bladder Cancer Patients,COMPLETED,NA,529.0,,INTERVENTIONAL,University of Southern California,,207,2002-01-04,
NCT02169765,HR Versus RFA for Early Stage HCC,UNKNOWN,PHASE3,120.0,,INTERVENTIONAL,Guangxi Medical University,,354,2020-08-01,
NCT06799065,"First-in-Human Study of ATX-295, an Oral Inhibitor of KIF18A, in Patients With Advanced or Metastatic Solid Tumors, Including Ovarian Cancer",RECRUITING,PHASE1,90.0,,INTERVENTIONAL,Accent Therapeutics,,265,2025-03-21,
NCT05480865,SHP2 Inhibitor BBP-398 in Combination With Sotorasib in Patients With Advanced Solid Tumors and a KRAS-G12C Mutation,TERMINATED,PHASE1,28.0,,INTERVENTIONAL,"Navire Pharma Inc., a BridgeBio company",,181,2022-07-06,
NCT04702165,Image - Navigated Resection of Lung Nodules,COMPLETED,"PHASE1, PHASE2",25.0,,INTERVENTIONAL,"Navigation Sciences, Inc.",,129,2021-06-03,
NCT03285867,Liver Stiffness Measurement (LSM) in Predicting Progress of Liver Fibrosis After TACE for Hepatocellular Carcinoma,UNKNOWN,,200.0,,OBSERVATIONAL,"Nanfang Hospital, Southern Medical University",,67,2018-06-25,
NCT01980667,Study of Lurbinectedin (PM01183) in Combination With Cisplatin in Patients With Solid Tumors,COMPLETED,PHASE1,41.0,,INTERVENTIONAL,PharmaMar,,301,2014-07-30,
NCT00637767,High-Dose Melphalan With or Without Radiolabeled Monoclonal Antibody in Treating Patients With Multiple Myeloma Undergoing an Autologous Stem Cell Transplant,TERMINATED,PHASE2,25.0,,INTERVENTIONAL,University of Southampton,,396,2007-12-01,
NCT04524000,Study Assessing the Efficacy and Safety of Treatment With Alpelisib Plus Fulvestrant in Japanese Men and Postmenopausal Women With Advanced Breast Cancer,ACTIVE_NOT_RECRUITING,PHASE2,24.0,,INTERVENTIONAL,Novartis Pharmaceuticals,,331,2021-01-08,
NCT00690300,Docetaxel Plus Oxaliplatin as Therapy in Patients With Pancreatic Cancer,UNKNOWN,PHASE2,44.0,,INTERVENTIONAL,University of Ulm,,271,2008-01,
NCT01271907,Drosophila-generated CTL,TERMINATED,PHASE2,3.0,,INTERVENTIONAL,National Cancer Institute (NCI),,568,2011-04-15,
NCT03828292,"An Open-label, Dose Escalation Study in Japanese Participants With Relapsed/Refractory Multiple Myeloma Who Have Failed Prior Anti Myeloma Treatments",COMPLETED,PHASE1,15.0,,INTERVENTIONAL,GlaxoSmithKline,,1502,2019-03-14,
NCT06946836,"Comparison of Neoadjuvant Cadonilimab Versus Chemotherapy Combined With PD-1 in the Treatment of Resectable Non-Small Cell Lung Cancer With High PD-L1 Expression: A Single-Center, Randomized, Exploratory Clinical Study",NOT_YET_RECRUITING,PHASE2,80.0,,INTERVENTIONAL,"Shanghai Pulmonary Hospital, Shanghai, China",,339,2025-04-21,
NCT02689271,CombIning advaNces in imagiNg With biOmarkers for improVed Diagnosis of Aggressive prosTate cancEr,COMPLETED,,365.0,,OBSERVATIONAL,"University College, London",,82,2016-04,
NCT03407144,Safety and Efficacy of Pembrolizumab (MK-3475) in Children and Young Adults With Classical Hodgkin Lymphoma (MK-3475-667/KEYNOTE-667),ACTIVE_NOT_RECRUITING,PHASE2,340.0,,INTERVENTIONAL,Merck Sharp & Dohme LLC,,600,2018-04-09,
NCT00210834,"An Efficacy and Safety Study of Epoetin Alfa (PROCRIT) Initiated at 40,000 Units Every Week Versus 80,000 Units Every Two Weeks in Anemic Patients With Cancer Receiving Chemotherapy.",COMPLETED,PHASE2,310.0,,INTERVENTIONAL,"Johnson & Johnson Pharmaceutical Research & Development, L.L.C.",,120,2004-05,
